slide_id,tcga_class,grade_class,true_mutation,split,thumb_path
TCGA-DU-A5TU-01Z-00-DX1.6816DF90-0684-4F6C-BCCE-D293BE9AD93D,astro_IDHmt_G2,low,IDH_mt,train,C:\Users\TAbde\PycharmProjects\Glioma-SPARSE\data\tcga_thumbnails\astro_IDHmt_G2\included\TCGA-DU-A5TU-01Z-00-DX1.6816DF90-0684-4F6C-BCCE-D293BE9AD93D.jpg
TCGA-HT-8113-01Z-00-DX1.641F5405-47CF-41C6-8EA4-4ABD6C677A46,astro_IDHmt_G2,low,IDH_mt,train,C:\Users\TAbde\PycharmProjects\Glioma-SPARSE\data\tcga_thumbnails\astro_IDHmt_G2\included\TCGA-HT-8113-01Z-00-DX1.641F5405-47CF-41C6-8EA4-4ABD6C677A46.jpg
TCGA-DU-8167-01Z-00-DX1.9ec81b46-f1e9-4611-b018-74f398cb4e90,astro_IDHmt_G2,low,IDH_mt,train,C:\Users\TAbde\PycharmProjects\Glioma-SPARSE\data\tcga_thumbnails\astro_IDHmt_G2\included\TCGA-DU-8167-01Z-00-DX1.9ec81b46-f1e9-4611-b018-74f398cb4e90.jpg
TCGA-HT-7478-01Z-00-DX1.B3835ABC-63FC-4AEA-B874-5701429C65B7,astro_IDHmt_G2,low,IDH_mt,train,C:\Users\TAbde\PycharmProjects\Glioma-SPARSE\data\tcga_thumbnails\astro_IDHmt_G2\included\TCGA-HT-7478-01Z-00-DX1.B3835ABC-63FC-4AEA-B874-5701429C65B7.jpg
TCGA-DU-A7TC-01Z-00-DX1.75739C13-07E4-418F-B336-E0421F3F0366,astro_IDHmt_G2,low,IDH_mt,train,C:\Users\TAbde\PycharmProjects\Glioma-SPARSE\data\tcga_thumbnails\astro_IDHmt_G2\included\TCGA-DU-A7TC-01Z-00-DX1.75739C13-07E4-418F-B336-E0421F3F0366.jpg
TCGA-DB-A75M-01Z-00-DX1.418C4BE6-EDC6-47D1-B3E0-B6B082426D8F,astro_IDHmt_G2,low,IDH_mt,train,C:\Users\TAbde\PycharmProjects\Glioma-SPARSE\data\tcga_thumbnails\astro_IDHmt_G2\included\TCGA-DB-A75M-01Z-00-DX1.418C4BE6-EDC6-47D1-B3E0-B6B082426D8F.jpg
TCGA-HT-7604-01Z-00-DX1.6889187F-B89A-4CC0-8224-709DFF523FEE,astro_IDHmt_G2,low,IDH_mt,train,C:\Users\TAbde\PycharmProjects\Glioma-SPARSE\data\tcga_thumbnails\astro_IDHmt_G2\included\TCGA-HT-7604-01Z-00-DX1.6889187F-B89A-4CC0-8224-709DFF523FEE.jpg
TCGA-HT-7603-01Z-00-DX1.FACE593F-FFD2-4A1B-B7ED-B05D50F06E44,astro_IDHmt_G2,low,IDH_mt,train,C:\Users\TAbde\PycharmProjects\Glioma-SPARSE\data\tcga_thumbnails\astro_IDHmt_G2\included\TCGA-HT-7603-01Z-00-DX1.FACE593F-FFD2-4A1B-B7ED-B05D50F06E44.jpg
TCGA-DU-7011-01Z-00-DX1.839D54AF-A0C7-4DE4-A7D0-D19C760FFB3D,astro_IDHmt_G2,low,IDH_mt,train,C:\Users\TAbde\PycharmProjects\Glioma-SPARSE\data\tcga_thumbnails\astro_IDHmt_G2\included\TCGA-DU-7011-01Z-00-DX1.839D54AF-A0C7-4DE4-A7D0-D19C760FFB3D.jpg
TCGA-HT-7689-01Z-00-DX1.CA72DCB2-9BE2-451C-B4B1-448D7F2B396A,astro_IDHmt_G2,low,IDH_mt,train,C:\Users\TAbde\PycharmProjects\Glioma-SPARSE\data\tcga_thumbnails\astro_IDHmt_G2\included\TCGA-HT-7689-01Z-00-DX1.CA72DCB2-9BE2-451C-B4B1-448D7F2B396A.jpg
TCGA-FG-A4MX-01Z-00-DX1.64CE3174-2194-461A-AD83-D0CF49FD27EF,astro_IDHmt_G2,low,IDH_mt,train,C:\Users\TAbde\PycharmProjects\Glioma-SPARSE\data\tcga_thumbnails\astro_IDHmt_G2\included\TCGA-FG-A4MX-01Z-00-DX1.64CE3174-2194-461A-AD83-D0CF49FD27EF.jpg
TCGA-F6-A8O4-01Z-00-DX1.28B744E2-072B-469B-9DDE-4DB6ADC57777,astro_IDHmt_G2,low,IDH_mt,train,C:\Users\TAbde\PycharmProjects\Glioma-SPARSE\data\tcga_thumbnails\astro_IDHmt_G2\included\TCGA-F6-A8O4-01Z-00-DX1.28B744E2-072B-469B-9DDE-4DB6ADC57777.jpg
TCGA-FG-A60L-01Z-00-DX1.BE970739-D829-489B-A697-311021B8CD73,astro_IDHmt_G2,low,IDH_mt,train,C:\Users\TAbde\PycharmProjects\Glioma-SPARSE\data\tcga_thumbnails\astro_IDHmt_G2\included\TCGA-FG-A60L-01Z-00-DX1.BE970739-D829-489B-A697-311021B8CD73.jpg
TCGA-HT-7880-01Z-00-DX1.1EF457FD-80E9-4249-8436-E2BC853DF7BC,astro_IDHmt_G2,low,IDH_mt,train,C:\Users\TAbde\PycharmProjects\Glioma-SPARSE\data\tcga_thumbnails\astro_IDHmt_G2\included\TCGA-HT-7880-01Z-00-DX1.1EF457FD-80E9-4249-8436-E2BC853DF7BC.jpg
TCGA-DU-A7TG-01Z-00-DX1.BB74AF60-791A-42D8-8798-8BCEF80F3C1D,astro_IDHmt_G2,low,IDH_mt,train,C:\Users\TAbde\PycharmProjects\Glioma-SPARSE\data\tcga_thumbnails\astro_IDHmt_G2\included\TCGA-DU-A7TG-01Z-00-DX1.BB74AF60-791A-42D8-8798-8BCEF80F3C1D.jpg
TCGA-DU-A5TR-01Z-00-DX1.87D9C8FE-7163-4E84-BA81-2B02E0193377,astro_IDHmt_G2,low,IDH_mt,train,C:\Users\TAbde\PycharmProjects\Glioma-SPARSE\data\tcga_thumbnails\astro_IDHmt_G2\included\TCGA-DU-A5TR-01Z-00-DX1.87D9C8FE-7163-4E84-BA81-2B02E0193377.jpg
TCGA-DB-A4XC-01Z-00-DX1.5768EC5F-D8B2-47B3-A685-059792C8751E,astro_IDHmt_G2,low,IDH_mt,train,C:\Users\TAbde\PycharmProjects\Glioma-SPARSE\data\tcga_thumbnails\astro_IDHmt_G2\included\TCGA-DB-A4XC-01Z-00-DX1.5768EC5F-D8B2-47B3-A685-059792C8751E.jpg
TCGA-HT-7610-01Z-00-DX1.2817EDDA-8B51-4796-B830-DE12FD7998F0,astro_IDHmt_G2,low,IDH_mt,train,C:\Users\TAbde\PycharmProjects\Glioma-SPARSE\data\tcga_thumbnails\astro_IDHmt_G2\included\TCGA-HT-7610-01Z-00-DX1.2817EDDA-8B51-4796-B830-DE12FD7998F0.jpg
TCGA-HT-7485-01Z-00-DX1.37BA9895-CDC8-4EE9-8264-233C19ADA0FE,astro_IDHmt_G2,low,IDH_mt,train,C:\Users\TAbde\PycharmProjects\Glioma-SPARSE\data\tcga_thumbnails\astro_IDHmt_G2\included\TCGA-HT-7485-01Z-00-DX1.37BA9895-CDC8-4EE9-8264-233C19ADA0FE.jpg
TCGA-FG-A4MY-01Z-00-DX1.EB81EFA3-9B05-4480-8570-8D16B923D655,astro_IDHmt_G2,low,IDH_mt,train,C:\Users\TAbde\PycharmProjects\Glioma-SPARSE\data\tcga_thumbnails\astro_IDHmt_G2\included\TCGA-FG-A4MY-01Z-00-DX1.EB81EFA3-9B05-4480-8570-8D16B923D655.jpg
TCGA-DU-A5TS-01Z-00-DX1.FD62A1B8-0B55-4441-B650-9A8C7AEC8859,astro_IDHmt_G2,low,IDH_mt,train,C:\Users\TAbde\PycharmProjects\Glioma-SPARSE\data\tcga_thumbnails\astro_IDHmt_G2\included\TCGA-DU-A5TS-01Z-00-DX1.FD62A1B8-0B55-4441-B650-9A8C7AEC8859.jpg
TCGA-HT-7606-01Z-00-DX1.A30069C4-4819-421F-8A67-FE7457440229,astro_IDHmt_G2,low,IDH_mt,train,C:\Users\TAbde\PycharmProjects\Glioma-SPARSE\data\tcga_thumbnails\astro_IDHmt_G2\included\TCGA-HT-7606-01Z-00-DX1.A30069C4-4819-421F-8A67-FE7457440229.jpg
TCGA-CS-4944-01Z-00-DX1.9AD74191-4445-4E77-BD62-B09363C8BB2A,astro_IDHmt_G2,low,IDH_mt,train,C:\Users\TAbde\PycharmProjects\Glioma-SPARSE\data\tcga_thumbnails\astro_IDHmt_G2\included\TCGA-CS-4944-01Z-00-DX1.9AD74191-4445-4E77-BD62-B09363C8BB2A.jpg
TCGA-DB-A4X9-01Z-00-DX1.D877E4C5-87FA-4289-BDEB-883F6408C094,astro_IDHmt_G2,low,IDH_mt,train,C:\Users\TAbde\PycharmProjects\Glioma-SPARSE\data\tcga_thumbnails\astro_IDHmt_G2\included\TCGA-DB-A4X9-01Z-00-DX1.D877E4C5-87FA-4289-BDEB-883F6408C094.jpg
TCGA-HT-7858-01Z-00-DX1.5615B7B9-843B-443F-91BE-DE208A069243,astro_IDHmt_G2,low,IDH_mt,train,C:\Users\TAbde\PycharmProjects\Glioma-SPARSE\data\tcga_thumbnails\astro_IDHmt_G2\included\TCGA-HT-7858-01Z-00-DX1.5615B7B9-843B-443F-91BE-DE208A069243.jpg
TCGA-FG-6689-01Z-00-DX1.378dc7f0-a35e-4157-bcb3-1bb8bf87fee8,astro_IDHmt_G2,low,IDH_mt,train,C:\Users\TAbde\PycharmProjects\Glioma-SPARSE\data\tcga_thumbnails\astro_IDHmt_G2\included\TCGA-FG-6689-01Z-00-DX1.378dc7f0-a35e-4157-bcb3-1bb8bf87fee8.jpg
TCGA-DU-6407-01Z-00-DX1.191e7dfe-7bb3-446f-ba9d-8123b83f75d9,astro_IDHmt_G2,low,IDH_mt,train,C:\Users\TAbde\PycharmProjects\Glioma-SPARSE\data\tcga_thumbnails\astro_IDHmt_G2\included\TCGA-DU-6407-01Z-00-DX1.191e7dfe-7bb3-446f-ba9d-8123b83f75d9.jpg
TCGA-DU-8166-01Z-00-DX1.82951397-8c63-4c0f-8696-f081b170e21f,astro_IDHmt_G2,low,IDH_mt,train,C:\Users\TAbde\PycharmProjects\Glioma-SPARSE\data\tcga_thumbnails\astro_IDHmt_G2\included\TCGA-DU-8166-01Z-00-DX1.82951397-8c63-4c0f-8696-f081b170e21f.jpg
TCGA-HT-7482-01Z-00-DX1.A56F0B29-767B-48C6-A522-7A94F868889B,astro_IDHmt_G2,low,IDH_mt,train,C:\Users\TAbde\PycharmProjects\Glioma-SPARSE\data\tcga_thumbnails\astro_IDHmt_G2\included\TCGA-HT-7482-01Z-00-DX1.A56F0B29-767B-48C6-A522-7A94F868889B.jpg
TCGA-FG-A711-01Z-00-DX1.69203ECF-0672-428B-81EA-97B94D90E14F,astro_IDHmt_G2,low,IDH_mt,train,C:\Users\TAbde\PycharmProjects\Glioma-SPARSE\data\tcga_thumbnails\astro_IDHmt_G2\included\TCGA-FG-A711-01Z-00-DX1.69203ECF-0672-428B-81EA-97B94D90E14F.jpg
TCGA-DU-A7TA-01Z-00-DX1.C0013D54-C292-4060-99F6-A6AB4E54FAA5,astro_IDHmt_G2,low,IDH_mt,train,C:\Users\TAbde\PycharmProjects\Glioma-SPARSE\data\tcga_thumbnails\astro_IDHmt_G2\included\TCGA-DU-A7TA-01Z-00-DX1.C0013D54-C292-4060-99F6-A6AB4E54FAA5.jpg
TCGA-HT-7611-01Z-00-DX1.AE487FF3-EF5A-4CE5-8618-20F234A59F1E,astro_IDHmt_G2,low,IDH_mt,train,C:\Users\TAbde\PycharmProjects\Glioma-SPARSE\data\tcga_thumbnails\astro_IDHmt_G2\included\TCGA-HT-7611-01Z-00-DX1.AE487FF3-EF5A-4CE5-8618-20F234A59F1E.jpg
TCGA-FG-A60J-01Z-00-DX1.1A313634-0CA2-40B4-998A-58871CF2A5CE,astro_IDHmt_G2,low,IDH_mt,train,C:\Users\TAbde\PycharmProjects\Glioma-SPARSE\data\tcga_thumbnails\astro_IDHmt_G2\included\TCGA-FG-A60J-01Z-00-DX1.1A313634-0CA2-40B4-998A-58871CF2A5CE.jpg
TCGA-HT-8013-01Z-00-DX1.2C2597D7-8F5C-406B-97C1-0EFD907B4FA5,astro_IDHmt_G2,low,IDH_mt,train,C:\Users\TAbde\PycharmProjects\Glioma-SPARSE\data\tcga_thumbnails\astro_IDHmt_G2\included\TCGA-HT-8013-01Z-00-DX1.2C2597D7-8F5C-406B-97C1-0EFD907B4FA5.jpg
TCGA-E1-A7YW-01Z-00-DX1.E64A0F63-0346-4668-B67D-EF7D0358AC4E,astro_IDHmt_G2,low,IDH_mt,train,C:\Users\TAbde\PycharmProjects\Glioma-SPARSE\data\tcga_thumbnails\astro_IDHmt_G2\included\TCGA-E1-A7YW-01Z-00-DX1.E64A0F63-0346-4668-B67D-EF7D0358AC4E.jpg
TCGA-HT-7474-01Z-00-DX1.B3E88862-6C35-4E30-B374-A7BC80231B8C,astro_IDHmt_G2,low,IDH_mt,train,C:\Users\TAbde\PycharmProjects\Glioma-SPARSE\data\tcga_thumbnails\astro_IDHmt_G2\included\TCGA-HT-7474-01Z-00-DX1.B3E88862-6C35-4E30-B374-A7BC80231B8C.jpg
TCGA-E1-A7Z6-01Z-00-DX1.85795D31-F597-4AE3-8AE0-7394A428936A,astro_IDHmt_G2,low,IDH_mt,train,C:\Users\TAbde\PycharmProjects\Glioma-SPARSE\data\tcga_thumbnails\astro_IDHmt_G2\included\TCGA-E1-A7Z6-01Z-00-DX1.85795D31-F597-4AE3-8AE0-7394A428936A.jpg
TCGA-FG-8188-01Z-00-DX1.2a587a5c-9985-4d83-868d-4801fb239a61,astro_IDHmt_G2,low,IDH_mt,train,C:\Users\TAbde\PycharmProjects\Glioma-SPARSE\data\tcga_thumbnails\astro_IDHmt_G2\included\TCGA-FG-8188-01Z-00-DX1.2a587a5c-9985-4d83-868d-4801fb239a61.jpg
TCGA-DU-6401-01Z-00-DX1.117ba558-9f05-416d-b621-20c5c83895c8,astro_IDHmt_G2,low,IDH_mt,val,C:\Users\TAbde\PycharmProjects\Glioma-SPARSE\data\tcga_thumbnails\astro_IDHmt_G2\included\TCGA-DU-6401-01Z-00-DX1.117ba558-9f05-416d-b621-20c5c83895c8.jpg
TCGA-CS-4938-01Z-00-DX1.6660D726-8524-424A-B6E8-D97FFD9BCE01,astro_IDHmt_G2,low,IDH_mt,val,C:\Users\TAbde\PycharmProjects\Glioma-SPARSE\data\tcga_thumbnails\astro_IDHmt_G2\included\TCGA-CS-4938-01Z-00-DX1.6660D726-8524-424A-B6E8-D97FFD9BCE01.jpg
TCGA-FG-7637-01Z-00-DX1.29BC8289-EC8E-4182-A235-C7AC5DAC9A0E,astro_IDHmt_G2,low,IDH_mt,val,C:\Users\TAbde\PycharmProjects\Glioma-SPARSE\data\tcga_thumbnails\astro_IDHmt_G2\included\TCGA-FG-7637-01Z-00-DX1.29BC8289-EC8E-4182-A235-C7AC5DAC9A0E.jpg
TCGA-DB-A64S-01Z-00-DX1.E44CE325-25A2-4669-8843-E7462547C004,astro_IDHmt_G2,low,IDH_mt,val,C:\Users\TAbde\PycharmProjects\Glioma-SPARSE\data\tcga_thumbnails\astro_IDHmt_G2\included\TCGA-DB-A64S-01Z-00-DX1.E44CE325-25A2-4669-8843-E7462547C004.jpg
TCGA-FG-5965-01Z-00-DX1.f317c968-bc3d-47dc-b608-41cb98b6608e,astro_IDHmt_G2,low,IDH_mt,val,C:\Users\TAbde\PycharmProjects\Glioma-SPARSE\data\tcga_thumbnails\astro_IDHmt_G2\included\TCGA-FG-5965-01Z-00-DX1.f317c968-bc3d-47dc-b608-41cb98b6608e.jpg
TCGA-FG-8189-01Z-00-DX1.3B81D484-0399-44AE-8D64-8498D2691139,astro_IDHmt_G2,low,IDH_mt,test,C:\Users\TAbde\PycharmProjects\Glioma-SPARSE\data\tcga_thumbnails\astro_IDHmt_G2\included\TCGA-FG-8189-01Z-00-DX1.3B81D484-0399-44AE-8D64-8498D2691139.jpg
TCGA-FG-6691-01Z-00-DX1.d5e614cf-985b-4ca1-9ded-4ff57e938df1,astro_IDHmt_G2,low,IDH_mt,test,C:\Users\TAbde\PycharmProjects\Glioma-SPARSE\data\tcga_thumbnails\astro_IDHmt_G2\included\TCGA-FG-6691-01Z-00-DX1.d5e614cf-985b-4ca1-9ded-4ff57e938df1.jpg
TCGA-DB-5280-01Z-00-DX1.377DED7C-CE43-4735-A6C1-2C2D0A769B18,astro_IDHmt_G2,low,IDH_mt,test,C:\Users\TAbde\PycharmProjects\Glioma-SPARSE\data\tcga_thumbnails\astro_IDHmt_G2\included\TCGA-DB-5280-01Z-00-DX1.377DED7C-CE43-4735-A6C1-2C2D0A769B18.jpg
TCGA-DU-7015-01Z-00-DX1.E604489D-E82C-4129-9CDC-16AD1D33B3F2,astro_IDHmt_G2,low,IDH_mt,test,C:\Users\TAbde\PycharmProjects\Glioma-SPARSE\data\tcga_thumbnails\astro_IDHmt_G2\included\TCGA-DU-7015-01Z-00-DX1.E604489D-E82C-4129-9CDC-16AD1D33B3F2.jpg
TCGA-DU-5872-01Z-00-DX1.98ee5af3-3732-43a5-b628-93fd9ff9092b,astro_IDHmt_G2,low,IDH_mt,test,C:\Users\TAbde\PycharmProjects\Glioma-SPARSE\data\tcga_thumbnails\astro_IDHmt_G2\included\TCGA-DU-5872-01Z-00-DX1.98ee5af3-3732-43a5-b628-93fd9ff9092b.jpg
TCGA-DU-5855-01Z-00-DX1.046a8964-3cdf-49cf-a65c-3254e50ae90d,astro_IDHmt_G3,high,IDH_mt,train,C:\Users\TAbde\PycharmProjects\Glioma-SPARSE\data\tcga_thumbnails\astro_IDHmt_G3\included\TCGA-DU-5855-01Z-00-DX1.046a8964-3cdf-49cf-a65c-3254e50ae90d.jpg
TCGA-DB-5270-01Z-00-DX1.E0795F24-4D23-408A-8871-2675EC577C23,astro_IDHmt_G3,high,IDH_mt,train,C:\Users\TAbde\PycharmProjects\Glioma-SPARSE\data\tcga_thumbnails\astro_IDHmt_G3\included\TCGA-DB-5270-01Z-00-DX1.E0795F24-4D23-408A-8871-2675EC577C23.jpg
TCGA-DB-A75O-01Z-00-DX1.10FF7F57-48C0-4668-AE09-A631584EB1ED,astro_IDHmt_G3,high,IDH_mt,train,C:\Users\TAbde\PycharmProjects\Glioma-SPARSE\data\tcga_thumbnails\astro_IDHmt_G3\included\TCGA-DB-A75O-01Z-00-DX1.10FF7F57-48C0-4668-AE09-A631584EB1ED.jpg
TCGA-DH-A66G-01Z-00-DX1.82A4242B-EAB4-4474-B5C9-27FD5C322201,astro_IDHmt_G3,high,IDH_mt,train,C:\Users\TAbde\PycharmProjects\Glioma-SPARSE\data\tcga_thumbnails\astro_IDHmt_G3\included\TCGA-DH-A66G-01Z-00-DX1.82A4242B-EAB4-4474-B5C9-27FD5C322201.jpg
TCGA-DH-A7UV-01Z-00-DX1.498CA010-9528-4F9F-82D8-4C12376B5B2A,astro_IDHmt_G3,high,IDH_mt,train,C:\Users\TAbde\PycharmProjects\Glioma-SPARSE\data\tcga_thumbnails\astro_IDHmt_G3\included\TCGA-DH-A7UV-01Z-00-DX1.498CA010-9528-4F9F-82D8-4C12376B5B2A.jpg
TCGA-DB-A64X-01Z-00-DX1.81333B7A-873F-4CAC-BAF9-E20B0DAC29CA,astro_IDHmt_G3,high,IDH_mt,train,C:\Users\TAbde\PycharmProjects\Glioma-SPARSE\data\tcga_thumbnails\astro_IDHmt_G3\included\TCGA-DB-A64X-01Z-00-DX1.81333B7A-873F-4CAC-BAF9-E20B0DAC29CA.jpg
TCGA-DB-A75L-01Z-00-DX1.132A6368-8624-4091-BCDA-261155BBD426,astro_IDHmt_G3,high,IDH_mt,train,C:\Users\TAbde\PycharmProjects\Glioma-SPARSE\data\tcga_thumbnails\astro_IDHmt_G3\included\TCGA-DB-A75L-01Z-00-DX1.132A6368-8624-4091-BCDA-261155BBD426.jpg
TCGA-DB-A4XF-01Z-00-DX1.2E0AFD7A-F00A-4FB1-95E3-F605BC9065DA,astro_IDHmt_G3,high,IDH_mt,train,C:\Users\TAbde\PycharmProjects\Glioma-SPARSE\data\tcga_thumbnails\astro_IDHmt_G3\included\TCGA-DB-A4XF-01Z-00-DX1.2E0AFD7A-F00A-4FB1-95E3-F605BC9065DA.jpg
TCGA-DB-5273-01Z-00-DX1.9E85A2F5-FB10-4C9F-A612-19FFB955C9FF,astro_IDHmt_G3,high,IDH_mt,train,C:\Users\TAbde\PycharmProjects\Glioma-SPARSE\data\tcga_thumbnails\astro_IDHmt_G3\included\TCGA-DB-5273-01Z-00-DX1.9E85A2F5-FB10-4C9F-A612-19FFB955C9FF.jpg
TCGA-DH-5143-01Z-00-DX1.DD05DCF6-FF16-47A3-B3EF-FCB89F6C8566,astro_IDHmt_G3,high,IDH_mt,train,C:\Users\TAbde\PycharmProjects\Glioma-SPARSE\data\tcga_thumbnails\astro_IDHmt_G3\included\TCGA-DH-5143-01Z-00-DX1.DD05DCF6-FF16-47A3-B3EF-FCB89F6C8566.jpg
TCGA-DH-A7UU-01Z-00-DX1.ECE10796-B224-404A-96BC-2D40601A7196,astro_IDHmt_G3,high,IDH_mt,train,C:\Users\TAbde\PycharmProjects\Glioma-SPARSE\data\tcga_thumbnails\astro_IDHmt_G3\included\TCGA-DH-A7UU-01Z-00-DX1.ECE10796-B224-404A-96BC-2D40601A7196.jpg
TCGA-DH-A66D-01Z-00-DX1.95468350-314C-40AF-B409-14E3DE8B2AF8,astro_IDHmt_G3,high,IDH_mt,train,C:\Users\TAbde\PycharmProjects\Glioma-SPARSE\data\tcga_thumbnails\astro_IDHmt_G3\included\TCGA-DH-A66D-01Z-00-DX1.95468350-314C-40AF-B409-14E3DE8B2AF8.jpg
TCGA-DB-5275-01Z-00-DX1.E35FB92E-EAE0-4233-9A21-FAC044F1096B,astro_IDHmt_G3,high,IDH_mt,train,C:\Users\TAbde\PycharmProjects\Glioma-SPARSE\data\tcga_thumbnails\astro_IDHmt_G3\included\TCGA-DB-5275-01Z-00-DX1.E35FB92E-EAE0-4233-9A21-FAC044F1096B.jpg
TCGA-DB-5276-01Z-00-DX1.3921BD4C-CC46-43A4-BECF-AAB9A35E6682,astro_IDHmt_G3,high,IDH_mt,train,C:\Users\TAbde\PycharmProjects\Glioma-SPARSE\data\tcga_thumbnails\astro_IDHmt_G3\included\TCGA-DB-5276-01Z-00-DX1.3921BD4C-CC46-43A4-BECF-AAB9A35E6682.jpg
TCGA-DH-A66B-01Z-00-DX1.8669A577-0481-4C15-B4CB-0266E154DEFD,astro_IDHmt_G3,high,IDH_mt,train,C:\Users\TAbde\PycharmProjects\Glioma-SPARSE\data\tcga_thumbnails\astro_IDHmt_G3\included\TCGA-DH-A66B-01Z-00-DX1.8669A577-0481-4C15-B4CB-0266E154DEFD.jpg
TCGA-DB-5277-01Z-00-DX1.635F8997-B57B-402D-8889-BE84CA858B16,astro_IDHmt_G3,high,IDH_mt,train,C:\Users\TAbde\PycharmProjects\Glioma-SPARSE\data\tcga_thumbnails\astro_IDHmt_G3\included\TCGA-DB-5277-01Z-00-DX1.635F8997-B57B-402D-8889-BE84CA858B16.jpg
TCGA-DH-5142-01Z-00-DX1.3C7EAF01-4DC5-4FBE-849D-17DD3A6B5D8D,astro_IDHmt_G3,high,IDH_mt,train,C:\Users\TAbde\PycharmProjects\Glioma-SPARSE\data\tcga_thumbnails\astro_IDHmt_G3\included\TCGA-DH-5142-01Z-00-DX1.3C7EAF01-4DC5-4FBE-849D-17DD3A6B5D8D.jpg
TCGA-CS-6665-01Z-00-DX1.0805163E-0752-4383-B9EC-877B505672B8,astro_IDHmt_G3,high,IDH_mt,train,C:\Users\TAbde\PycharmProjects\Glioma-SPARSE\data\tcga_thumbnails\astro_IDHmt_G3\included\TCGA-CS-6665-01Z-00-DX1.0805163E-0752-4383-B9EC-877B505672B8.jpg
TCGA-CS-4942-01Z-00-DX1.67f7928e-e1d9-473b-a317-7c6b4ba7433f,astro_IDHmt_G3,high,IDH_mt,train,C:\Users\TAbde\PycharmProjects\Glioma-SPARSE\data\tcga_thumbnails\astro_IDHmt_G3\included\TCGA-CS-4942-01Z-00-DX1.67f7928e-e1d9-473b-a317-7c6b4ba7433f.jpg
TCGA-DB-A4XD-01Z-00-DX1.9CEDBD64-B9D3-4F8C-B51F-4E00085742A1,astro_IDHmt_G3,high,IDH_mt,train,C:\Users\TAbde\PycharmProjects\Glioma-SPARSE\data\tcga_thumbnails\astro_IDHmt_G3\included\TCGA-DB-A4XD-01Z-00-DX1.9CEDBD64-B9D3-4F8C-B51F-4E00085742A1.jpg
TCGA-CS-5394-01Z-00-DX1.2ef4d36b-2bf7-4079-990c-3733009db0bd,astro_IDHmt_G3,high,IDH_mt,train,C:\Users\TAbde\PycharmProjects\Glioma-SPARSE\data\tcga_thumbnails\astro_IDHmt_G3\included\TCGA-CS-5394-01Z-00-DX1.2ef4d36b-2bf7-4079-990c-3733009db0bd.jpg
TCGA-DB-5281-01Z-00-DX1.1C19F78D-2E61-41E8-976D-0EC0A2A45031,astro_IDHmt_G3,high,IDH_mt,train,C:\Users\TAbde\PycharmProjects\Glioma-SPARSE\data\tcga_thumbnails\astro_IDHmt_G3\included\TCGA-DB-5281-01Z-00-DX1.1C19F78D-2E61-41E8-976D-0EC0A2A45031.jpg
TCGA-DB-A4XE-01Z-00-DX1.C45CDC01-DCE7-404B-88E0-9EAF67E7A26E,astro_IDHmt_G3,high,IDH_mt,val,C:\Users\TAbde\PycharmProjects\Glioma-SPARSE\data\tcga_thumbnails\astro_IDHmt_G3\included\TCGA-DB-A4XE-01Z-00-DX1.C45CDC01-DCE7-404B-88E0-9EAF67E7A26E.jpg
TCGA-DB-A4XB-01Z-00-DX1.FBF60AEC-EF2E-4771-A46C-7ABF60C99D9C,astro_IDHmt_G3,high,IDH_mt,val,C:\Users\TAbde\PycharmProjects\Glioma-SPARSE\data\tcga_thumbnails\astro_IDHmt_G3\included\TCGA-DB-A4XB-01Z-00-DX1.FBF60AEC-EF2E-4771-A46C-7ABF60C99D9C.jpg
TCGA-CS-5393-01Z-00-DX1.29061bf4-af6c-445c-a5ca-86d99e81545d,astro_IDHmt_G3,high,IDH_mt,val,C:\Users\TAbde\PycharmProjects\Glioma-SPARSE\data\tcga_thumbnails\astro_IDHmt_G3\included\TCGA-CS-5393-01Z-00-DX1.29061bf4-af6c-445c-a5ca-86d99e81545d.jpg
TCGA-CS-6666-01Z-00-DX1.6F91FE79-CCA6-401C-9C3C-74B2F9C9DF4A,astro_IDHmt_G3,high,IDH_mt,test,C:\Users\TAbde\PycharmProjects\Glioma-SPARSE\data\tcga_thumbnails\astro_IDHmt_G3\included\TCGA-CS-6666-01Z-00-DX1.6F91FE79-CCA6-401C-9C3C-74B2F9C9DF4A.jpg
TCGA-CS-6290-01Z-00-DX1.34c1d579-aeba-4aa2-b0c5-0b04fb16d7a4,astro_IDHmt_G3,high,IDH_mt,test,C:\Users\TAbde\PycharmProjects\Glioma-SPARSE\data\tcga_thumbnails\astro_IDHmt_G3\included\TCGA-CS-6290-01Z-00-DX1.34c1d579-aeba-4aa2-b0c5-0b04fb16d7a4.jpg
TCGA-DH-A7UT-01Z-00-DX1.A229410B-A3A3-4046-A5B3-8E0CD926BB57,astro_IDHmt_G3,high,IDH_mt,test,C:\Users\TAbde\PycharmProjects\Glioma-SPARSE\data\tcga_thumbnails\astro_IDHmt_G3\included\TCGA-DH-A7UT-01Z-00-DX1.A229410B-A3A3-4046-A5B3-8E0CD926BB57.jpg
TCGA-12-0818-01Z-00-DX1.EA8E6672-9056-411A-B003-D1638F1CB891,astro_IDHmt_G4,high,IDH_mt,train,C:\Users\TAbde\PycharmProjects\Glioma-SPARSE\data\tcga_thumbnails\astro_IDHmt_G4\included\TCGA-12-0818-01Z-00-DX1.EA8E6672-9056-411A-B003-D1638F1CB891.jpg
TCGA-26-1442-01Z-00-DX1.FD8D4EB7-AD5E-49E8-BD0B-6CDDEA8DDB35,astro_IDHmt_G4,high,IDH_mt,train,C:\Users\TAbde\PycharmProjects\Glioma-SPARSE\data\tcga_thumbnails\astro_IDHmt_G4\included\TCGA-26-1442-01Z-00-DX1.FD8D4EB7-AD5E-49E8-BD0B-6CDDEA8DDB35.jpg
TCGA-06-0129-01Z-00-DX1.b7bddf7d-f39e-45e7-a78d-319d3a4d2dae,astro_IDHmt_G4,high,IDH_mt,train,C:\Users\TAbde\PycharmProjects\Glioma-SPARSE\data\tcga_thumbnails\astro_IDHmt_G4\included\TCGA-06-0129-01Z-00-DX1.b7bddf7d-f39e-45e7-a78d-319d3a4d2dae.jpg
TCGA-14-1458-01Z-00-DX1.35dbc89f-a754-4eac-ad20-40bc44c8fd09,astro_IDHmt_G4,high,IDH_mt,train,C:\Users\TAbde\PycharmProjects\Glioma-SPARSE\data\tcga_thumbnails\astro_IDHmt_G4\included\TCGA-14-1458-01Z-00-DX1.35dbc89f-a754-4eac-ad20-40bc44c8fd09.jpg
TCGA-12-0827-01Z-00-DX1.2E975B17-CDAF-4EE0-A51E-B22740A2C1AA,astro_IDHmt_G4,high,IDH_mt,train,C:\Users\TAbde\PycharmProjects\Glioma-SPARSE\data\tcga_thumbnails\astro_IDHmt_G4\included\TCGA-12-0827-01Z-00-DX1.2E975B17-CDAF-4EE0-A51E-B22740A2C1AA.jpg
TCGA-14-1821-01Z-00-DX1.eef79762-89fb-47f5-9f43-1e6a906e5745,astro_IDHmt_G4,high,IDH_mt,train,C:\Users\TAbde\PycharmProjects\Glioma-SPARSE\data\tcga_thumbnails\astro_IDHmt_G4\included\TCGA-14-1821-01Z-00-DX1.eef79762-89fb-47f5-9f43-1e6a906e5745.jpg
TCGA-06-0128-01Z-00-DX1.daacb161-d72f-4f75-843b-596f0a7fbec7,astro_IDHmt_G4,high,IDH_mt,train,C:\Users\TAbde\PycharmProjects\Glioma-SPARSE\data\tcga_thumbnails\astro_IDHmt_G4\included\TCGA-06-0128-01Z-00-DX1.daacb161-d72f-4f75-843b-596f0a7fbec7.jpg
TCGA-19-A6J5-01Z-00-DX1.2667B32C-FDF4-4197-BD32-56D6124BD01C,astro_IDHmt_G4,high,IDH_mt,train,C:\Users\TAbde\PycharmProjects\Glioma-SPARSE\data\tcga_thumbnails\astro_IDHmt_G4\included\TCGA-19-A6J5-01Z-00-DX1.2667B32C-FDF4-4197-BD32-56D6124BD01C.jpg
TCGA-06-0178-01Z-00-DX1.6102d1a4-610b-4c5e-abc8-17dce6b84911,astro_IDHmt_G4,high,IDH_mt,train,C:\Users\TAbde\PycharmProjects\Glioma-SPARSE\data\tcga_thumbnails\astro_IDHmt_G4\included\TCGA-06-0178-01Z-00-DX1.6102d1a4-610b-4c5e-abc8-17dce6b84911.jpg
TCGA-06-6389-01Z-00-DX1.ca78be78-49a5-4b56-9482-16ec5350bb40,astro_IDHmt_G4,high,IDH_mt,train,C:\Users\TAbde\PycharmProjects\Glioma-SPARSE\data\tcga_thumbnails\astro_IDHmt_G4\included\TCGA-06-6389-01Z-00-DX1.ca78be78-49a5-4b56-9482-16ec5350bb40.jpg
TCGA-06-0221-01Z-00-DX1.bc444e2a-9530-453a-b494-ec31ee5db9c1,astro_IDHmt_G4,high,IDH_mt,train,C:\Users\TAbde\PycharmProjects\Glioma-SPARSE\data\tcga_thumbnails\astro_IDHmt_G4\included\TCGA-06-0221-01Z-00-DX1.bc444e2a-9530-453a-b494-ec31ee5db9c1.jpg
TCGA-02-0010-01Z-00-DX1.b53f8c4e-6e10-4684-b7fc-fd9e0b9d6c01,astro_IDHmt_G4,high,IDH_mt,train,C:\Users\TAbde\PycharmProjects\Glioma-SPARSE\data\tcga_thumbnails\astro_IDHmt_G4\included\TCGA-02-0010-01Z-00-DX1.b53f8c4e-6e10-4684-b7fc-fd9e0b9d6c01.jpg
TCGA-02-0058-01Z-00-DX1.6A05C2EB-C782-4F55-A12D-0339747E9BD3,astro_IDHmt_G4,high,IDH_mt,val,C:\Users\TAbde\PycharmProjects\Glioma-SPARSE\data\tcga_thumbnails\astro_IDHmt_G4\included\TCGA-02-0058-01Z-00-DX1.6A05C2EB-C782-4F55-A12D-0339747E9BD3.jpg
TCGA-02-0026-01Z-00-DX1.d8f3085f-e418-47da-86bc-20db44ac6efd,astro_IDHmt_G4,high,IDH_mt,val,C:\Users\TAbde\PycharmProjects\Glioma-SPARSE\data\tcga_thumbnails\astro_IDHmt_G4\included\TCGA-02-0026-01Z-00-DX1.d8f3085f-e418-47da-86bc-20db44ac6efd.jpg
TCGA-15-1444-01Z-00-DX1.FF2FF962-40EA-4122-B33A-5BF4ED007761,astro_IDHmt_G4,high,IDH_mt,test,C:\Users\TAbde\PycharmProjects\Glioma-SPARSE\data\tcga_thumbnails\astro_IDHmt_G4\included\TCGA-15-1444-01Z-00-DX1.FF2FF962-40EA-4122-B33A-5BF4ED007761.jpg
TCGA-DU-8158-01Z-00-DX1.04fe31d7-0a47-4f5e-a6f5-28974dea86b4,GBM_IDHwt,high,IDH_wt,train,C:\Users\TAbde\PycharmProjects\Glioma-SPARSE\data\tcga_thumbnails\GBM_IDHwt\included\TCGA-DU-8158-01Z-00-DX1.04fe31d7-0a47-4f5e-a6f5-28974dea86b4.jpg
TCGA-12-0778-01Z-00-DX1.7050afff-2c1b-4647-91e1-98d3be5f26f1,GBM_IDHwt,high,IDH_wt,train,C:\Users\TAbde\PycharmProjects\Glioma-SPARSE\data\tcga_thumbnails\GBM_IDHwt\included\TCGA-12-0778-01Z-00-DX1.7050afff-2c1b-4647-91e1-98d3be5f26f1.jpg
TCGA-HT-7882-01Z-00-DX1.B5224DF8-94F3-47F3-99F0-9D05DEB3B4BC,GBM_IDHwt,high,IDH_wt,train,C:\Users\TAbde\PycharmProjects\Glioma-SPARSE\data\tcga_thumbnails\GBM_IDHwt\included\TCGA-HT-7882-01Z-00-DX1.B5224DF8-94F3-47F3-99F0-9D05DEB3B4BC.jpg
TCGA-RR-A6KA-01Z-00-DX1.245ECFED-99ED-4A67-83FB-D194BFA2320C,GBM_IDHwt,high,IDH_wt,train,C:\Users\TAbde\PycharmProjects\Glioma-SPARSE\data\tcga_thumbnails\GBM_IDHwt\included\TCGA-RR-A6KA-01Z-00-DX1.245ECFED-99ED-4A67-83FB-D194BFA2320C.jpg
TCGA-19-2619-01Z-00-DX1.ed7e1a51-2352-4162-81f2-4a3b3bdab22c,GBM_IDHwt,high,IDH_wt,train,C:\Users\TAbde\PycharmProjects\Glioma-SPARSE\data\tcga_thumbnails\GBM_IDHwt\included\TCGA-19-2619-01Z-00-DX1.ed7e1a51-2352-4162-81f2-4a3b3bdab22c.jpg
TCGA-QH-A6CS-01Z-00-DX1.E45E2C78-9287-41CB-897B-EF6349147105,GBM_IDHwt,high,IDH_wt,train,C:\Users\TAbde\PycharmProjects\Glioma-SPARSE\data\tcga_thumbnails\GBM_IDHwt\included\TCGA-QH-A6CS-01Z-00-DX1.E45E2C78-9287-41CB-897B-EF6349147105.jpg
TCGA-08-0347-01Z-00-DX1.CA3BDEAA-1F85-43A9-99D8-9FB7ED6BCDBD,GBM_IDHwt,high,IDH_wt,train,C:\Users\TAbde\PycharmProjects\Glioma-SPARSE\data\tcga_thumbnails\GBM_IDHwt\included\TCGA-08-0347-01Z-00-DX1.CA3BDEAA-1F85-43A9-99D8-9FB7ED6BCDBD.jpg
TCGA-06-6390-01Z-00-DX1.b5ab515a-7b50-4e73-a999-f581232b005a,GBM_IDHwt,high,IDH_wt,train,C:\Users\TAbde\PycharmProjects\Glioma-SPARSE\data\tcga_thumbnails\GBM_IDHwt\included\TCGA-06-6390-01Z-00-DX1.b5ab515a-7b50-4e73-a999-f581232b005a.jpg
TCGA-06-0141-01Z-00-DX1.ec301079-2d58-4079-b2ab-d8fdbca2fbf7,GBM_IDHwt,high,IDH_wt,train,C:\Users\TAbde\PycharmProjects\Glioma-SPARSE\data\tcga_thumbnails\GBM_IDHwt\included\TCGA-06-0141-01Z-00-DX1.ec301079-2d58-4079-b2ab-d8fdbca2fbf7.jpg
TCGA-FG-A4MU-01Z-00-DX1.F557204B-3E0E-4961-ACCA-0567C66E318F,GBM_IDHwt,high,IDH_wt,train,C:\Users\TAbde\PycharmProjects\Glioma-SPARSE\data\tcga_thumbnails\GBM_IDHwt\included\TCGA-FG-A4MU-01Z-00-DX1.F557204B-3E0E-4961-ACCA-0567C66E318F.jpg
TCGA-14-0817-01Z-00-DX1.e9d56141-af70-4a31-9b08-5fca4d541e25,GBM_IDHwt,high,IDH_wt,train,C:\Users\TAbde\PycharmProjects\Glioma-SPARSE\data\tcga_thumbnails\GBM_IDHwt\included\TCGA-14-0817-01Z-00-DX1.e9d56141-af70-4a31-9b08-5fca4d541e25.jpg
TCGA-12-0619-01Z-00-DX1.5dbe8a66-9996-4f86-881e-025614e0bd9f,GBM_IDHwt,high,IDH_wt,train,C:\Users\TAbde\PycharmProjects\Glioma-SPARSE\data\tcga_thumbnails\GBM_IDHwt\included\TCGA-12-0619-01Z-00-DX1.5dbe8a66-9996-4f86-881e-025614e0bd9f.jpg
TCGA-06-5856-01Z-00-DX1.9ba8a585-af7f-48b6-8724-ad0f439f4e17,GBM_IDHwt,high,IDH_wt,train,C:\Users\TAbde\PycharmProjects\Glioma-SPARSE\data\tcga_thumbnails\GBM_IDHwt\included\TCGA-06-5856-01Z-00-DX1.9ba8a585-af7f-48b6-8724-ad0f439f4e17.jpg
TCGA-DU-A7TD-01Z-00-DX1.CDC41902-3673-4FDA-B4A5-4A453CF1362C,GBM_IDHwt,high,IDH_wt,train,C:\Users\TAbde\PycharmProjects\Glioma-SPARSE\data\tcga_thumbnails\GBM_IDHwt\included\TCGA-DU-A7TD-01Z-00-DX1.CDC41902-3673-4FDA-B4A5-4A453CF1362C.jpg
TCGA-27-2518-01Z-00-DX1.148935FE-8C0A-4168-9D62-6AFF31DB75CE,GBM_IDHwt,high,IDH_wt,train,C:\Users\TAbde\PycharmProjects\Glioma-SPARSE\data\tcga_thumbnails\GBM_IDHwt\included\TCGA-27-2518-01Z-00-DX1.148935FE-8C0A-4168-9D62-6AFF31DB75CE.jpg
TCGA-QH-A6XC-01Z-00-DX1.EE39646B-3F7A-4D87-9237-1ED594C8D427,GBM_IDHwt,high,IDH_wt,train,C:\Users\TAbde\PycharmProjects\Glioma-SPARSE\data\tcga_thumbnails\GBM_IDHwt\included\TCGA-QH-A6XC-01Z-00-DX1.EE39646B-3F7A-4D87-9237-1ED594C8D427.jpg
TCGA-HT-8011-01Z-00-DX1.C3EBC225-3BE8-4B24-9EAD-2389EB999026,GBM_IDHwt,high,IDH_wt,train,C:\Users\TAbde\PycharmProjects\Glioma-SPARSE\data\tcga_thumbnails\GBM_IDHwt\included\TCGA-HT-8011-01Z-00-DX1.C3EBC225-3BE8-4B24-9EAD-2389EB999026.jpg
TCGA-12-1602-01Z-00-DX1.FB995B06-B44A-46DA-AB1E-F65BDF4D872F,GBM_IDHwt,high,IDH_wt,train,C:\Users\TAbde\PycharmProjects\Glioma-SPARSE\data\tcga_thumbnails\GBM_IDHwt\included\TCGA-12-1602-01Z-00-DX1.FB995B06-B44A-46DA-AB1E-F65BDF4D872F.jpg
TCGA-06-0195-01Z-00-DX1.c22cac2c-b46b-4731-ac79-cdc0d24b2461,GBM_IDHwt,high,IDH_wt,train,C:\Users\TAbde\PycharmProjects\Glioma-SPARSE\data\tcga_thumbnails\GBM_IDHwt\included\TCGA-06-0195-01Z-00-DX1.c22cac2c-b46b-4731-ac79-cdc0d24b2461.jpg
TCGA-27-1837-01Z-00-DX1.27b8fc01-d46e-459e-b4b9-6b80bf7dc6a9,GBM_IDHwt,high,IDH_wt,train,C:\Users\TAbde\PycharmProjects\Glioma-SPARSE\data\tcga_thumbnails\GBM_IDHwt\included\TCGA-27-1837-01Z-00-DX1.27b8fc01-d46e-459e-b4b9-6b80bf7dc6a9.jpg
TCGA-02-0052-01Z-00-DX1.93BA650B-4E71-43D8-9974-16185F906EB8,GBM_IDHwt,high,IDH_wt,train,C:\Users\TAbde\PycharmProjects\Glioma-SPARSE\data\tcga_thumbnails\GBM_IDHwt\included\TCGA-02-0052-01Z-00-DX1.93BA650B-4E71-43D8-9974-16185F906EB8.jpg
TCGA-KT-A7W1-01Z-00-DX1.D416EFED-F654-433B-917C-A9BE98EAA760,GBM_IDHwt,high,IDH_wt,train,C:\Users\TAbde\PycharmProjects\Glioma-SPARSE\data\tcga_thumbnails\GBM_IDHwt\included\TCGA-KT-A7W1-01Z-00-DX1.D416EFED-F654-433B-917C-A9BE98EAA760.jpg
TCGA-06-1800-01Z-00-DX1.0d4be66a-1d7d-499c-9a87-e1849f76c1b7,GBM_IDHwt,high,IDH_wt,train,C:\Users\TAbde\PycharmProjects\Glioma-SPARSE\data\tcga_thumbnails\GBM_IDHwt\included\TCGA-06-1800-01Z-00-DX1.0d4be66a-1d7d-499c-9a87-e1849f76c1b7.jpg
TCGA-08-0350-01Z-00-DX1.60549F68-E548-4634-8851-B24818FDFA40,GBM_IDHwt,high,IDH_wt,train,C:\Users\TAbde\PycharmProjects\Glioma-SPARSE\data\tcga_thumbnails\GBM_IDHwt\included\TCGA-08-0350-01Z-00-DX1.60549F68-E548-4634-8851-B24818FDFA40.jpg
TCGA-HT-7860-01Z-00-DX1.2FF9CBDD-7FEE-4A41-9BE4-AF86B376FCA0,GBM_IDHwt,high,IDH_wt,train,C:\Users\TAbde\PycharmProjects\Glioma-SPARSE\data\tcga_thumbnails\GBM_IDHwt\included\TCGA-HT-7860-01Z-00-DX1.2FF9CBDD-7FEE-4A41-9BE4-AF86B376FCA0.jpg
TCGA-S9-A7R2-01Z-00-DX1.002ED857-5D3F-4053-9F9C-9EB73F2C20F5,GBM_IDHwt,high,IDH_wt,train,C:\Users\TAbde\PycharmProjects\Glioma-SPARSE\data\tcga_thumbnails\GBM_IDHwt\included\TCGA-S9-A7R2-01Z-00-DX1.002ED857-5D3F-4053-9F9C-9EB73F2C20F5.jpg
TCGA-HT-A61C-01Z-00-DX1.034BF077-8710-4F6A-B346-67740B77A277,GBM_IDHwt,high,IDH_wt,train,C:\Users\TAbde\PycharmProjects\Glioma-SPARSE\data\tcga_thumbnails\GBM_IDHwt\included\TCGA-HT-A61C-01Z-00-DX1.034BF077-8710-4F6A-B346-67740B77A277.jpg
TCGA-DU-A76L-01Z-00-DX1.1FCFF046-82EF-42B4-937F-CEFD63D3E713,GBM_IDHwt,high,IDH_wt,train,C:\Users\TAbde\PycharmProjects\Glioma-SPARSE\data\tcga_thumbnails\GBM_IDHwt\included\TCGA-DU-A76L-01Z-00-DX1.1FCFF046-82EF-42B4-937F-CEFD63D3E713.jpg
TCGA-06-0124-01Z-00-DX1.eef7074b-4055-4d64-bc21-1f93822d63d3,GBM_IDHwt,high,IDH_wt,train,C:\Users\TAbde\PycharmProjects\Glioma-SPARSE\data\tcga_thumbnails\GBM_IDHwt\included\TCGA-06-0124-01Z-00-DX1.eef7074b-4055-4d64-bc21-1f93822d63d3.jpg
TCGA-DU-A76K-01Z-00-DX1.8620CC08-5A61-4B36-8D4A-078348B5E345,GBM_IDHwt,high,IDH_wt,train,C:\Users\TAbde\PycharmProjects\Glioma-SPARSE\data\tcga_thumbnails\GBM_IDHwt\included\TCGA-DU-A76K-01Z-00-DX1.8620CC08-5A61-4B36-8D4A-078348B5E345.jpg
TCGA-CS-5397-01Z-00-DX1.4AB09928-C5EA-4310-9303-ACD040E4C2B9,GBM_IDHwt,high,IDH_wt,train,C:\Users\TAbde\PycharmProjects\Glioma-SPARSE\data\tcga_thumbnails\GBM_IDHwt\included\TCGA-CS-5397-01Z-00-DX1.4AB09928-C5EA-4310-9303-ACD040E4C2B9.jpg
TCGA-E1-A7YJ-01Z-00-DX1.199900DB-6829-49BB-B139-9C344BD4D810,GBM_IDHwt,high,IDH_wt,train,C:\Users\TAbde\PycharmProjects\Glioma-SPARSE\data\tcga_thumbnails\GBM_IDHwt\included\TCGA-E1-A7YJ-01Z-00-DX1.199900DB-6829-49BB-B139-9C344BD4D810.jpg
TCGA-06-0143-01Z-00-DX1.d8a36977-d169-4059-9cd6-3f65f1bc821a,GBM_IDHwt,high,IDH_wt,train,C:\Users\TAbde\PycharmProjects\Glioma-SPARSE\data\tcga_thumbnails\GBM_IDHwt\included\TCGA-06-0143-01Z-00-DX1.d8a36977-d169-4059-9cd6-3f65f1bc821a.jpg
TCGA-06-1087-01Z-00-DX1.2498ed55-5e6d-4e65-9a5d-f9be74c5f250,GBM_IDHwt,high,IDH_wt,train,C:\Users\TAbde\PycharmProjects\Glioma-SPARSE\data\tcga_thumbnails\GBM_IDHwt\included\TCGA-06-1087-01Z-00-DX1.2498ed55-5e6d-4e65-9a5d-f9be74c5f250.jpg
TCGA-02-0015-01Z-00-DX1.73c07790-a054-4725-b123-4f09a2de961a,GBM_IDHwt,high,IDH_wt,train,C:\Users\TAbde\PycharmProjects\Glioma-SPARSE\data\tcga_thumbnails\GBM_IDHwt\included\TCGA-02-0015-01Z-00-DX1.73c07790-a054-4725-b123-4f09a2de961a.jpg
TCGA-DU-8161-01Z-00-DX1.f8fa74fe-4793-47dc-9dc1-10e636835536,GBM_IDHwt,high,IDH_wt,train,C:\Users\TAbde\PycharmProjects\Glioma-SPARSE\data\tcga_thumbnails\GBM_IDHwt\included\TCGA-DU-8161-01Z-00-DX1.f8fa74fe-4793-47dc-9dc1-10e636835536.jpg
TCGA-DB-A64O-01Z-00-DX1.E143BA84-8D09-4FA0-A58F-AF6BEE4E8451,GBM_IDHwt,high,IDH_wt,train,C:\Users\TAbde\PycharmProjects\Glioma-SPARSE\data\tcga_thumbnails\GBM_IDHwt\included\TCGA-DB-A64O-01Z-00-DX1.E143BA84-8D09-4FA0-A58F-AF6BEE4E8451.jpg
TCGA-02-0037-01Z-00-DX1.4b9fe7a7-82a6-4188-b6a7-d74649506e27,GBM_IDHwt,high,IDH_wt,train,C:\Users\TAbde\PycharmProjects\Glioma-SPARSE\data\tcga_thumbnails\GBM_IDHwt\included\TCGA-02-0037-01Z-00-DX1.4b9fe7a7-82a6-4188-b6a7-d74649506e27.jpg
TCGA-DU-6405-01Z-00-DX1.f5511a52-10ce-458d-a810-cd9c7fb1a0c6,GBM_IDHwt,high,IDH_wt,train,C:\Users\TAbde\PycharmProjects\Glioma-SPARSE\data\tcga_thumbnails\GBM_IDHwt\included\TCGA-DU-6405-01Z-00-DX1.f5511a52-10ce-458d-a810-cd9c7fb1a0c6.jpg
TCGA-DU-A5TT-01Z-00-DX1.86A745B4-0819-400D-9044-9A5ADC5276C7,GBM_IDHwt,high,IDH_wt,train,C:\Users\TAbde\PycharmProjects\Glioma-SPARSE\data\tcga_thumbnails\GBM_IDHwt\included\TCGA-DU-A5TT-01Z-00-DX1.86A745B4-0819-400D-9044-9A5ADC5276C7.jpg
TCGA-06-0209-01Z-00-DX1.d6963fa7-3427-4088-8dc3-cfc489ac0ddf,GBM_IDHwt,high,IDH_wt,train,C:\Users\TAbde\PycharmProjects\Glioma-SPARSE\data\tcga_thumbnails\GBM_IDHwt\included\TCGA-06-0209-01Z-00-DX1.d6963fa7-3427-4088-8dc3-cfc489ac0ddf.jpg
TCGA-08-0246-01Z-00-DX1.F6215D43-42E5-41B6-AD72-FBC7E2A19D79,GBM_IDHwt,high,IDH_wt,train,C:\Users\TAbde\PycharmProjects\Glioma-SPARSE\data\tcga_thumbnails\GBM_IDHwt\included\TCGA-08-0246-01Z-00-DX1.F6215D43-42E5-41B6-AD72-FBC7E2A19D79.jpg
TCGA-DU-7012-01Z-00-DX1.3D0ACB4F-8CBB-47F9-B015-0AFF70928A62,GBM_IDHwt,high,IDH_wt,train,C:\Users\TAbde\PycharmProjects\Glioma-SPARSE\data\tcga_thumbnails\GBM_IDHwt\included\TCGA-DU-7012-01Z-00-DX1.3D0ACB4F-8CBB-47F9-B015-0AFF70928A62.jpg
TCGA-02-0024-01Z-00-DX1.d4cec60d-e2b6-41d1-92af-2d24f15b03a9,GBM_IDHwt,high,IDH_wt,train,C:\Users\TAbde\PycharmProjects\Glioma-SPARSE\data\tcga_thumbnails\GBM_IDHwt\included\TCGA-02-0024-01Z-00-DX1.d4cec60d-e2b6-41d1-92af-2d24f15b03a9.jpg
TCGA-26-1439-01Z-00-DX1.40B8D763-FE89-43D7-BFBF-8CA3FAC05A5B,GBM_IDHwt,high,IDH_wt,train,C:\Users\TAbde\PycharmProjects\Glioma-SPARSE\data\tcga_thumbnails\GBM_IDHwt\included\TCGA-26-1439-01Z-00-DX1.40B8D763-FE89-43D7-BFBF-8CA3FAC05A5B.jpg
TCGA-12-0656-01Z-00-DX1.08311e56-c469-459d-8dcc-22dc26be4372,GBM_IDHwt,high,IDH_wt,train,C:\Users\TAbde\PycharmProjects\Glioma-SPARSE\data\tcga_thumbnails\GBM_IDHwt\included\TCGA-12-0656-01Z-00-DX1.08311e56-c469-459d-8dcc-22dc26be4372.jpg
TCGA-27-1838-01Z-00-DX1.3ada1ada-fb14-4761-84f9-66a339e86e73,GBM_IDHwt,high,IDH_wt,train,C:\Users\TAbde\PycharmProjects\Glioma-SPARSE\data\tcga_thumbnails\GBM_IDHwt\included\TCGA-27-1838-01Z-00-DX1.3ada1ada-fb14-4761-84f9-66a339e86e73.jpg
TCGA-12-0773-01Z-00-DX1.67754c60-0f9b-47e0-8188-440d84ced343,GBM_IDHwt,high,IDH_wt,train,C:\Users\TAbde\PycharmProjects\Glioma-SPARSE\data\tcga_thumbnails\GBM_IDHwt\included\TCGA-12-0773-01Z-00-DX1.67754c60-0f9b-47e0-8188-440d84ced343.jpg
TCGA-DU-7013-01Z-00-DX1.04BAB2CD-8B7D-480F-92D2-3CC8DA1485BC,GBM_IDHwt,high,IDH_wt,train,C:\Users\TAbde\PycharmProjects\Glioma-SPARSE\data\tcga_thumbnails\GBM_IDHwt\included\TCGA-DU-7013-01Z-00-DX1.04BAB2CD-8B7D-480F-92D2-3CC8DA1485BC.jpg
TCGA-26-1799-01Z-00-DX1.630B7217-0B01-4CDD-8ABF-0EC4CF293476,GBM_IDHwt,high,IDH_wt,train,C:\Users\TAbde\PycharmProjects\Glioma-SPARSE\data\tcga_thumbnails\GBM_IDHwt\included\TCGA-26-1799-01Z-00-DX1.630B7217-0B01-4CDD-8ABF-0EC4CF293476.jpg
TCGA-FG-A87Q-01Z-00-DX1.FF3D3CFD-BBF1-42F4-8CEA-CF06A2CC451B,GBM_IDHwt,high,IDH_wt,train,C:\Users\TAbde\PycharmProjects\Glioma-SPARSE\data\tcga_thumbnails\GBM_IDHwt\included\TCGA-FG-A87Q-01Z-00-DX1.FF3D3CFD-BBF1-42F4-8CEA-CF06A2CC451B.jpg
TCGA-14-1827-01Z-00-DX1.46ab4842-db0c-4ed6-aa2d-c70283aec1af,GBM_IDHwt,high,IDH_wt,train,C:\Users\TAbde\PycharmProjects\Glioma-SPARSE\data\tcga_thumbnails\GBM_IDHwt\included\TCGA-14-1827-01Z-00-DX1.46ab4842-db0c-4ed6-aa2d-c70283aec1af.jpg
TCGA-DU-8165-01Z-00-DX1.8d633ff1-6aed-41e5-8518-8856dbe4a718,GBM_IDHwt,high,IDH_wt,train,C:\Users\TAbde\PycharmProjects\Glioma-SPARSE\data\tcga_thumbnails\GBM_IDHwt\included\TCGA-DU-8165-01Z-00-DX1.8d633ff1-6aed-41e5-8518-8856dbe4a718.jpg
TCGA-HT-A4DS-01Z-00-DX1.A4A06B93-43D3-4128-8ECF-84215E9E32E0,GBM_IDHwt,high,IDH_wt,train,C:\Users\TAbde\PycharmProjects\Glioma-SPARSE\data\tcga_thumbnails\GBM_IDHwt\included\TCGA-HT-A4DS-01Z-00-DX1.A4A06B93-43D3-4128-8ECF-84215E9E32E0.jpg
TCGA-12-0821-01Z-00-DX1.EDD83394-E7FE-4D05-9BBB-8D971DE305F4,GBM_IDHwt,high,IDH_wt,train,C:\Users\TAbde\PycharmProjects\Glioma-SPARSE\data\tcga_thumbnails\GBM_IDHwt\included\TCGA-12-0821-01Z-00-DX1.EDD83394-E7FE-4D05-9BBB-8D971DE305F4.jpg
TCGA-S9-A6WM-01Z-00-DX1.5D18F7F7-C5C8-465B-8B7D-FAC68C43C6F5,GBM_IDHwt,high,IDH_wt,train,C:\Users\TAbde\PycharmProjects\Glioma-SPARSE\data\tcga_thumbnails\GBM_IDHwt\included\TCGA-S9-A6WM-01Z-00-DX1.5D18F7F7-C5C8-465B-8B7D-FAC68C43C6F5.jpg
TCGA-19-5960-01Z-00-DX1.3376dcf2-9873-445e-83a9-95c5b208efc7,GBM_IDHwt,high,IDH_wt,train,C:\Users\TAbde\PycharmProjects\Glioma-SPARSE\data\tcga_thumbnails\GBM_IDHwt\included\TCGA-19-5960-01Z-00-DX1.3376dcf2-9873-445e-83a9-95c5b208efc7.jpg
TCGA-28-1750-01Z-00-DX1.b1455f64-6b43-4f2f-8434-d7fb53aadc51,GBM_IDHwt,high,IDH_wt,train,C:\Users\TAbde\PycharmProjects\Glioma-SPARSE\data\tcga_thumbnails\GBM_IDHwt\included\TCGA-28-1750-01Z-00-DX1.b1455f64-6b43-4f2f-8434-d7fb53aadc51.jpg
TCGA-02-0069-01Z-00-DX1.A8BFC1F6-4C3F-4543-86CA-90BBBC627564,GBM_IDHwt,high,IDH_wt,train,C:\Users\TAbde\PycharmProjects\Glioma-SPARSE\data\tcga_thumbnails\GBM_IDHwt\included\TCGA-02-0069-01Z-00-DX1.A8BFC1F6-4C3F-4543-86CA-90BBBC627564.jpg
TCGA-02-0021-01Z-00-DX1.1cf4eb25-9406-4638-b69c-e9e141930716,GBM_IDHwt,high,IDH_wt,train,C:\Users\TAbde\PycharmProjects\Glioma-SPARSE\data\tcga_thumbnails\GBM_IDHwt\included\TCGA-02-0021-01Z-00-DX1.1cf4eb25-9406-4638-b69c-e9e141930716.jpg
TCGA-HT-7854-01Z-00-DX1.63CAF3A9-E062-4786-8E60-5AB0FC5CF280,GBM_IDHwt,high,IDH_wt,train,C:\Users\TAbde\PycharmProjects\Glioma-SPARSE\data\tcga_thumbnails\GBM_IDHwt\included\TCGA-HT-7854-01Z-00-DX1.63CAF3A9-E062-4786-8E60-5AB0FC5CF280.jpg
TCGA-06-0157-01Z-00-DX1.0bb9c6aa-3a9c-4d2b-9ce6-9a1cf54882a4,GBM_IDHwt,high,IDH_wt,train,C:\Users\TAbde\PycharmProjects\Glioma-SPARSE\data\tcga_thumbnails\GBM_IDHwt\included\TCGA-06-0157-01Z-00-DX1.0bb9c6aa-3a9c-4d2b-9ce6-9a1cf54882a4.jpg
TCGA-06-0747-01Z-00-DX1.d00990ff-e213-4c7b-9643-6eb4b47d4613,GBM_IDHwt,high,IDH_wt,train,C:\Users\TAbde\PycharmProjects\Glioma-SPARSE\data\tcga_thumbnails\GBM_IDHwt\included\TCGA-06-0747-01Z-00-DX1.d00990ff-e213-4c7b-9643-6eb4b47d4613.jpg
TCGA-02-0009-01Z-00-DX1.5eceecd9-a9e2-421c-ab48-dbf24e95c64d,GBM_IDHwt,high,IDH_wt,train,C:\Users\TAbde\PycharmProjects\Glioma-SPARSE\data\tcga_thumbnails\GBM_IDHwt\included\TCGA-02-0009-01Z-00-DX1.5eceecd9-a9e2-421c-ab48-dbf24e95c64d.jpg
TCGA-HT-8110-01Z-00-DX1.C7649C75-0A7E-49B4-9550-6C3AE1145CCB,GBM_IDHwt,high,IDH_wt,train,C:\Users\TAbde\PycharmProjects\Glioma-SPARSE\data\tcga_thumbnails\GBM_IDHwt\included\TCGA-HT-8110-01Z-00-DX1.C7649C75-0A7E-49B4-9550-6C3AE1145CCB.jpg
TCGA-81-5910-01Z-00-DX1.c823aaad-81c4-4fa6-8aa9-3b447eed912c,GBM_IDHwt,high,IDH_wt,train,C:\Users\TAbde\PycharmProjects\Glioma-SPARSE\data\tcga_thumbnails\GBM_IDHwt\included\TCGA-81-5910-01Z-00-DX1.c823aaad-81c4-4fa6-8aa9-3b447eed912c.jpg
TCGA-DU-A5TY-01Z-00-DX1.3CE37EFB-9B39-4626-BA68-578E851588D1,GBM_IDHwt,high,IDH_wt,train,C:\Users\TAbde\PycharmProjects\Glioma-SPARSE\data\tcga_thumbnails\GBM_IDHwt\included\TCGA-DU-A5TY-01Z-00-DX1.3CE37EFB-9B39-4626-BA68-578E851588D1.jpg
TCGA-06-0878-01Z-00-DX1.75aa3e89-edcb-48c5-b778-7aae2085779f,GBM_IDHwt,high,IDH_wt,train,C:\Users\TAbde\PycharmProjects\Glioma-SPARSE\data\tcga_thumbnails\GBM_IDHwt\included\TCGA-06-0878-01Z-00-DX1.75aa3e89-edcb-48c5-b778-7aae2085779f.jpg
TCGA-08-0392-01Z-00-DX1.BB310D33-3C69-4C1B-BF5C-F0E7E025CF74,GBM_IDHwt,high,IDH_wt,train,C:\Users\TAbde\PycharmProjects\Glioma-SPARSE\data\tcga_thumbnails\GBM_IDHwt\included\TCGA-08-0392-01Z-00-DX1.BB310D33-3C69-4C1B-BF5C-F0E7E025CF74.jpg
TCGA-E1-A7YL-01Z-00-DX1.EA6413B5-B000-49AA-97CC-8E9A2495EED1,GBM_IDHwt,high,IDH_wt,train,C:\Users\TAbde\PycharmProjects\Glioma-SPARSE\data\tcga_thumbnails\GBM_IDHwt\included\TCGA-E1-A7YL-01Z-00-DX1.EA6413B5-B000-49AA-97CC-8E9A2495EED1.jpg
TCGA-27-2527-01Z-00-DX1.96AA7382-AB8F-411E-BEED-0D00C12ACEA1,GBM_IDHwt,high,IDH_wt,train,C:\Users\TAbde\PycharmProjects\Glioma-SPARSE\data\tcga_thumbnails\GBM_IDHwt\included\TCGA-27-2527-01Z-00-DX1.96AA7382-AB8F-411E-BEED-0D00C12ACEA1.jpg
TCGA-26-5135-01Z-00-DX1.928F0E13-33FE-4669-9DCE-A53654D99764,GBM_IDHwt,high,IDH_wt,train,C:\Users\TAbde\PycharmProjects\Glioma-SPARSE\data\tcga_thumbnails\GBM_IDHwt\included\TCGA-26-5135-01Z-00-DX1.928F0E13-33FE-4669-9DCE-A53654D99764.jpg
TCGA-HT-A74H-01Z-00-DX1.07757B94-980F-4F0C-95DE-A99DEA555617,GBM_IDHwt,high,IDH_wt,train,C:\Users\TAbde\PycharmProjects\Glioma-SPARSE\data\tcga_thumbnails\GBM_IDHwt\included\TCGA-HT-A74H-01Z-00-DX1.07757B94-980F-4F0C-95DE-A99DEA555617.jpg
TCGA-02-0099-01Z-00-DX1.E3BD2989-346F-4580-9E67-23BEEA35094E,GBM_IDHwt,high,IDH_wt,train,C:\Users\TAbde\PycharmProjects\Glioma-SPARSE\data\tcga_thumbnails\GBM_IDHwt\included\TCGA-02-0099-01Z-00-DX1.E3BD2989-346F-4580-9E67-23BEEA35094E.jpg
TCGA-02-0070-01Z-00-DX1.5E0E6185-E40B-4BDB-A762-03399FBD7C12,GBM_IDHwt,high,IDH_wt,train,C:\Users\TAbde\PycharmProjects\Glioma-SPARSE\data\tcga_thumbnails\GBM_IDHwt\included\TCGA-02-0070-01Z-00-DX1.5E0E6185-E40B-4BDB-A762-03399FBD7C12.jpg
TCGA-E1-A7YM-01Z-00-DX1.4F454CC1-2AA5-40BF-ACBB-AF80B740311A,GBM_IDHwt,high,IDH_wt,train,C:\Users\TAbde\PycharmProjects\Glioma-SPARSE\data\tcga_thumbnails\GBM_IDHwt\included\TCGA-E1-A7YM-01Z-00-DX1.4F454CC1-2AA5-40BF-ACBB-AF80B740311A.jpg
TCGA-DU-7006-01Z-00-DX1.F91BD282-C5E5-441D-806E-354A1F78B04F,GBM_IDHwt,high,IDH_wt,train,C:\Users\TAbde\PycharmProjects\Glioma-SPARSE\data\tcga_thumbnails\GBM_IDHwt\included\TCGA-DU-7006-01Z-00-DX1.F91BD282-C5E5-441D-806E-354A1F78B04F.jpg
TCGA-P5-A72U-01Z-00-DX1.47271109-22C2-4339-9868-CDB86166E449,GBM_IDHwt,high,IDH_wt,train,C:\Users\TAbde\PycharmProjects\Glioma-SPARSE\data\tcga_thumbnails\GBM_IDHwt\included\TCGA-P5-A72U-01Z-00-DX1.47271109-22C2-4339-9868-CDB86166E449.jpg
TCGA-02-0071-01Z-00-DX1.B9C1B58E-7A88-4C92-9E4C-2961A710F9A4,GBM_IDHwt,high,IDH_wt,train,C:\Users\TAbde\PycharmProjects\Glioma-SPARSE\data\tcga_thumbnails\GBM_IDHwt\included\TCGA-02-0071-01Z-00-DX1.B9C1B58E-7A88-4C92-9E4C-2961A710F9A4.jpg
TCGA-06-0237-01Z-00-DX1.0705028b-46e9-41b0-8083-c347fb746b96,GBM_IDHwt,high,IDH_wt,train,C:\Users\TAbde\PycharmProjects\Glioma-SPARSE\data\tcga_thumbnails\GBM_IDHwt\included\TCGA-06-0237-01Z-00-DX1.0705028b-46e9-41b0-8083-c347fb746b96.jpg
TCGA-06-0133-01Z-00-DX1.47944c2e-fe0e-4d29-a7a5-2efc01d8dd94,GBM_IDHwt,high,IDH_wt,train,C:\Users\TAbde\PycharmProjects\Glioma-SPARSE\data\tcga_thumbnails\GBM_IDHwt\included\TCGA-06-0133-01Z-00-DX1.47944c2e-fe0e-4d29-a7a5-2efc01d8dd94.jpg
TCGA-12-0819-01Z-00-DX1.8F874ED5-34B2-4E42-BBA5-329FB2DED709,GBM_IDHwt,high,IDH_wt,train,C:\Users\TAbde\PycharmProjects\Glioma-SPARSE\data\tcga_thumbnails\GBM_IDHwt\included\TCGA-12-0819-01Z-00-DX1.8F874ED5-34B2-4E42-BBA5-329FB2DED709.jpg
TCGA-QH-A6CV-01Z-00-DX1.9DCB8BF5-AE89-4D03-9892-F689B41320D0,GBM_IDHwt,high,IDH_wt,train,C:\Users\TAbde\PycharmProjects\Glioma-SPARSE\data\tcga_thumbnails\GBM_IDHwt\included\TCGA-QH-A6CV-01Z-00-DX1.9DCB8BF5-AE89-4D03-9892-F689B41320D0.jpg
TCGA-HT-A617-01Z-00-DX1.5865A8D2-3251-4D1C-B093-334C65ACC7A5,GBM_IDHwt,high,IDH_wt,train,C:\Users\TAbde\PycharmProjects\Glioma-SPARSE\data\tcga_thumbnails\GBM_IDHwt\included\TCGA-HT-A617-01Z-00-DX1.5865A8D2-3251-4D1C-B093-334C65ACC7A5.jpg
TCGA-06-0152-01Z-00-DX1.1fc06545-499a-45dc-8815-e987ba3b3630,GBM_IDHwt,high,IDH_wt,train,C:\Users\TAbde\PycharmProjects\Glioma-SPARSE\data\tcga_thumbnails\GBM_IDHwt\included\TCGA-06-0152-01Z-00-DX1.1fc06545-499a-45dc-8815-e987ba3b3630.jpg
TCGA-E1-A7Z2-01Z-00-DX1.241303FD-1841-4BF1-AB52-803B10647049,GBM_IDHwt,high,IDH_wt,train,C:\Users\TAbde\PycharmProjects\Glioma-SPARSE\data\tcga_thumbnails\GBM_IDHwt\included\TCGA-E1-A7Z2-01Z-00-DX1.241303FD-1841-4BF1-AB52-803B10647049.jpg
TCGA-4W-AA9R-01Z-00-DX1.841135BA-8CAA-4666-A7EA-00FA992D6DFE,GBM_IDHwt,high,IDH_wt,train,C:\Users\TAbde\PycharmProjects\Glioma-SPARSE\data\tcga_thumbnails\GBM_IDHwt\included\TCGA-4W-AA9R-01Z-00-DX1.841135BA-8CAA-4666-A7EA-00FA992D6DFE.jpg
TCGA-26-A7UX-01Z-00-DX1.C84437DC-E699-41A2-8D4F-722389C3D8ED,GBM_IDHwt,high,IDH_wt,train,C:\Users\TAbde\PycharmProjects\Glioma-SPARSE\data\tcga_thumbnails\GBM_IDHwt\included\TCGA-26-A7UX-01Z-00-DX1.C84437DC-E699-41A2-8D4F-722389C3D8ED.jpg
TCGA-E1-A7YN-01Z-00-DX1.74D8BD5D-F0C9-4BD5-8FEC-E1B57E0FEF5C,GBM_IDHwt,high,IDH_wt,train,C:\Users\TAbde\PycharmProjects\Glioma-SPARSE\data\tcga_thumbnails\GBM_IDHwt\included\TCGA-E1-A7YN-01Z-00-DX1.74D8BD5D-F0C9-4BD5-8FEC-E1B57E0FEF5C.jpg
TCGA-S9-A6U0-01Z-00-DX1.43BCB230-1388-424F-A218-F0F222691102,GBM_IDHwt,high,IDH_wt,train,C:\Users\TAbde\PycharmProjects\Glioma-SPARSE\data\tcga_thumbnails\GBM_IDHwt\included\TCGA-S9-A6U0-01Z-00-DX1.43BCB230-1388-424F-A218-F0F222691102.jpg
TCGA-02-0085-01Z-00-DX1.ac1b3db0-1647-4303-9a95-d67fab6bf700,GBM_IDHwt,high,IDH_wt,train,C:\Users\TAbde\PycharmProjects\Glioma-SPARSE\data\tcga_thumbnails\GBM_IDHwt\included\TCGA-02-0085-01Z-00-DX1.ac1b3db0-1647-4303-9a95-d67fab6bf700.jpg
TCGA-12-0662-01Z-00-DX1.aa5dca3e-983c-452c-b7fc-96b5a0b8a389,GBM_IDHwt,high,IDH_wt,train,C:\Users\TAbde\PycharmProjects\Glioma-SPARSE\data\tcga_thumbnails\GBM_IDHwt\included\TCGA-12-0662-01Z-00-DX1.aa5dca3e-983c-452c-b7fc-96b5a0b8a389.jpg
TCGA-12-1599-01Z-00-DX1.9EC541A8-03C6-43A9-877A-942F90810302,GBM_IDHwt,high,IDH_wt,train,C:\Users\TAbde\PycharmProjects\Glioma-SPARSE\data\tcga_thumbnails\GBM_IDHwt\included\TCGA-12-1599-01Z-00-DX1.9EC541A8-03C6-43A9-877A-942F90810302.jpg
TCGA-E1-A7YD-01Z-00-DX1.4CE57729-1398-4228-A531-25B112EC73F4,GBM_IDHwt,high,IDH_wt,train,C:\Users\TAbde\PycharmProjects\Glioma-SPARSE\data\tcga_thumbnails\GBM_IDHwt\included\TCGA-E1-A7YD-01Z-00-DX1.4CE57729-1398-4228-A531-25B112EC73F4.jpg
TCGA-TM-A84B-01Z-00-DX1.8736E13D-D47F-462E-BD06-61767245C2F5,GBM_IDHwt,high,IDH_wt,train,C:\Users\TAbde\PycharmProjects\Glioma-SPARSE\data\tcga_thumbnails\GBM_IDHwt\included\TCGA-TM-A84B-01Z-00-DX1.8736E13D-D47F-462E-BD06-61767245C2F5.jpg
TCGA-CS-4941-01Z-00-DX1.56ac541d-9b1a-477b-af9c-0cc2cf7ff8d2,GBM_IDHwt,high,IDH_wt,train,C:\Users\TAbde\PycharmProjects\Glioma-SPARSE\data\tcga_thumbnails\GBM_IDHwt\included\TCGA-CS-4941-01Z-00-DX1.56ac541d-9b1a-477b-af9c-0cc2cf7ff8d2.jpg
TCGA-12-1092-01Z-00-DX1.78AA4D76-674D-4DCC-B46A-284FAC277653,GBM_IDHwt,high,IDH_wt,val,C:\Users\TAbde\PycharmProjects\Glioma-SPARSE\data\tcga_thumbnails\GBM_IDHwt\included\TCGA-12-1092-01Z-00-DX1.78AA4D76-674D-4DCC-B46A-284FAC277653.jpg
TCGA-27-1835-01Z-00-DX1.e391c3a2-eb2a-4c3d-94be-16951be30dab,GBM_IDHwt,high,IDH_wt,val,C:\Users\TAbde\PycharmProjects\Glioma-SPARSE\data\tcga_thumbnails\GBM_IDHwt\included\TCGA-27-1835-01Z-00-DX1.e391c3a2-eb2a-4c3d-94be-16951be30dab.jpg
TCGA-06-0168-01Z-00-DX1.de032f58-1712-4029-a607-87c858c6c965,GBM_IDHwt,high,IDH_wt,val,C:\Users\TAbde\PycharmProjects\Glioma-SPARSE\data\tcga_thumbnails\GBM_IDHwt\included\TCGA-06-0168-01Z-00-DX1.de032f58-1712-4029-a607-87c858c6c965.jpg
TCGA-12-0707-01Z-00-DX1.96127c4a-82dd-4c27-9697-4d3b66bb29cb,GBM_IDHwt,high,IDH_wt,val,C:\Users\TAbde\PycharmProjects\Glioma-SPARSE\data\tcga_thumbnails\GBM_IDHwt\included\TCGA-12-0707-01Z-00-DX1.96127c4a-82dd-4c27-9697-4d3b66bb29cb.jpg
TCGA-FG-7643-01Z-00-DX1.2F1D1287-FC69-4A7A-B401-9F48C0A2A7B9,GBM_IDHwt,high,IDH_wt,val,C:\Users\TAbde\PycharmProjects\Glioma-SPARSE\data\tcga_thumbnails\GBM_IDHwt\included\TCGA-FG-7643-01Z-00-DX1.2F1D1287-FC69-4A7A-B401-9F48C0A2A7B9.jpg
TCGA-41-2573-01Z-00-DX1.aaa4085e-c7e0-4c03-8033-780f407b0d11,GBM_IDHwt,high,IDH_wt,val,C:\Users\TAbde\PycharmProjects\Glioma-SPARSE\data\tcga_thumbnails\GBM_IDHwt\included\TCGA-41-2573-01Z-00-DX1.aaa4085e-c7e0-4c03-8033-780f407b0d11.jpg
TCGA-DU-6402-01Z-00-DX1.d7027057-55c3-435a-ac9a-41d353f120db,GBM_IDHwt,high,IDH_wt,val,C:\Users\TAbde\PycharmProjects\Glioma-SPARSE\data\tcga_thumbnails\GBM_IDHwt\included\TCGA-DU-6402-01Z-00-DX1.d7027057-55c3-435a-ac9a-41d353f120db.jpg
TCGA-FG-6688-01Z-00-DX1.8f282d89-9838-4295-8c58-9ee29d915b07,GBM_IDHwt,high,IDH_wt,val,C:\Users\TAbde\PycharmProjects\Glioma-SPARSE\data\tcga_thumbnails\GBM_IDHwt\included\TCGA-FG-6688-01Z-00-DX1.8f282d89-9838-4295-8c58-9ee29d915b07.jpg
TCGA-12-0775-01Z-00-DX1.39db447e-3a48-4001-89c4-4925a2d059aa,GBM_IDHwt,high,IDH_wt,val,C:\Users\TAbde\PycharmProjects\Glioma-SPARSE\data\tcga_thumbnails\GBM_IDHwt\included\TCGA-12-0775-01Z-00-DX1.39db447e-3a48-4001-89c4-4925a2d059aa.jpg
TCGA-19-5954-01Z-00-DX1.b2e11be4-3f71-4d05-9405-c41dee3fc5b5,GBM_IDHwt,high,IDH_wt,val,C:\Users\TAbde\PycharmProjects\Glioma-SPARSE\data\tcga_thumbnails\GBM_IDHwt\included\TCGA-19-5954-01Z-00-DX1.b2e11be4-3f71-4d05-9405-c41dee3fc5b5.jpg
TCGA-06-0130-01Z-00-DX1.0391b65f-4e1d-4444-abb0-e5804606d461,GBM_IDHwt,high,IDH_wt,val,C:\Users\TAbde\PycharmProjects\Glioma-SPARSE\data\tcga_thumbnails\GBM_IDHwt\included\TCGA-06-0130-01Z-00-DX1.0391b65f-4e1d-4444-abb0-e5804606d461.jpg
TCGA-HT-A5RA-01Z-00-DX1.F5DA3E78-30A6-41C5-9B50-410E795EF591,GBM_IDHwt,high,IDH_wt,val,C:\Users\TAbde\PycharmProjects\Glioma-SPARSE\data\tcga_thumbnails\GBM_IDHwt\included\TCGA-HT-A5RA-01Z-00-DX1.F5DA3E78-30A6-41C5-9B50-410E795EF591.jpg
TCGA-02-0011-01Z-00-DX1.7CF44982-AE5A-47A5-8D07-E526522DC094,GBM_IDHwt,high,IDH_wt,test,C:\Users\TAbde\PycharmProjects\Glioma-SPARSE\data\tcga_thumbnails\GBM_IDHwt\included\TCGA-02-0011-01Z-00-DX1.7CF44982-AE5A-47A5-8D07-E526522DC094.jpg
TCGA-HT-A5RC-01Z-00-DX1.6E1C0CF0-7D7D-4F5B-8D65-451AA9AE8B61,GBM_IDHwt,high,IDH_wt,test,C:\Users\TAbde\PycharmProjects\Glioma-SPARSE\data\tcga_thumbnails\GBM_IDHwt\included\TCGA-HT-A5RC-01Z-00-DX1.6E1C0CF0-7D7D-4F5B-8D65-451AA9AE8B61.jpg
TCGA-19-1387-01Z-00-DX1.fd111d54-f1da-4ab9-8104-1f73c72808a8,GBM_IDHwt,high,IDH_wt,test,C:\Users\TAbde\PycharmProjects\Glioma-SPARSE\data\tcga_thumbnails\GBM_IDHwt\included\TCGA-19-1387-01Z-00-DX1.fd111d54-f1da-4ab9-8104-1f73c72808a8.jpg
TCGA-02-0075-01Z-00-DX1.2BFAAE68-2B16-4F00-B412-074E7073EBD3,GBM_IDHwt,high,IDH_wt,test,C:\Users\TAbde\PycharmProjects\Glioma-SPARSE\data\tcga_thumbnails\GBM_IDHwt\included\TCGA-02-0075-01Z-00-DX1.2BFAAE68-2B16-4F00-B412-074E7073EBD3.jpg
TCGA-12-1598-01Z-00-DX1.B827CBBB-7FC1-45DC-AC32-BC57009745C7,GBM_IDHwt,high,IDH_wt,test,C:\Users\TAbde\PycharmProjects\Glioma-SPARSE\data\tcga_thumbnails\GBM_IDHwt\included\TCGA-12-1598-01Z-00-DX1.B827CBBB-7FC1-45DC-AC32-BC57009745C7.jpg
TCGA-19-5956-01Z-00-DX1.f50d2a6f-1937-48ac-b198-e6d70870c75c,GBM_IDHwt,high,IDH_wt,test,C:\Users\TAbde\PycharmProjects\Glioma-SPARSE\data\tcga_thumbnails\GBM_IDHwt\included\TCGA-19-5956-01Z-00-DX1.f50d2a6f-1937-48ac-b198-e6d70870c75c.jpg
TCGA-HW-A5KK-01Z-00-DX1.DBE8A4F7-456E-4094-93D8-10D3238E86DD,GBM_IDHwt,high,IDH_wt,test,C:\Users\TAbde\PycharmProjects\Glioma-SPARSE\data\tcga_thumbnails\GBM_IDHwt\included\TCGA-HW-A5KK-01Z-00-DX1.DBE8A4F7-456E-4094-93D8-10D3238E86DD.jpg
TCGA-12-3653-01Z-00-DX1.B8E0B7A4-84B1-4200-8B82-9A4A6F51F8B5,GBM_IDHwt,high,IDH_wt,test,C:\Users\TAbde\PycharmProjects\Glioma-SPARSE\data\tcga_thumbnails\GBM_IDHwt\included\TCGA-12-3653-01Z-00-DX1.B8E0B7A4-84B1-4200-8B82-9A4A6F51F8B5.jpg
TCGA-02-0025-01Z-00-DX1.bea1009d-61ab-48dc-a6ae-530761306d4c,GBM_IDHwt,high,IDH_wt,test,C:\Users\TAbde\PycharmProjects\Glioma-SPARSE\data\tcga_thumbnails\GBM_IDHwt\included\TCGA-02-0025-01Z-00-DX1.bea1009d-61ab-48dc-a6ae-530761306d4c.jpg
TCGA-06-0189-01Z-00-DX1.1d688f71-dfa3-482e-98f8-d667201b50ed,GBM_IDHwt,high,IDH_wt,test,C:\Users\TAbde\PycharmProjects\Glioma-SPARSE\data\tcga_thumbnails\GBM_IDHwt\included\TCGA-06-0189-01Z-00-DX1.1d688f71-dfa3-482e-98f8-d667201b50ed.jpg
TCGA-06-0122-01Z-00-DX1.fb97a66e-2720-45e9-af2a-694505d1b808,GBM_IDHwt,high,IDH_wt,test,C:\Users\TAbde\PycharmProjects\Glioma-SPARSE\data\tcga_thumbnails\GBM_IDHwt\included\TCGA-06-0122-01Z-00-DX1.fb97a66e-2720-45e9-af2a-694505d1b808.jpg
TCGA-FG-A4MW-01Z-00-DX1.526F910A-096F-44B7-9D7F-04342332CC4B,GBM_IDHwt,high,IDH_wt,test,C:\Users\TAbde\PycharmProjects\Glioma-SPARSE\data\tcga_thumbnails\GBM_IDHwt\included\TCGA-FG-A4MW-01Z-00-DX1.526F910A-096F-44B7-9D7F-04342332CC4B.jpg
TCGA-S9-A6U2-01Z-00-DX1.364156E1-47BA-4046-BFD7-C35B97785624,oligo_IDHmt_1p19qdel_G2,low,IDH_mt_1p19q,train,C:\Users\TAbde\PycharmProjects\Glioma-SPARSE\data\tcga_thumbnails\oligo_IDHmt_1p19qdel_G2\included\TCGA-S9-A6U2-01Z-00-DX1.364156E1-47BA-4046-BFD7-C35B97785624.jpg
TCGA-TM-A7C5-01Z-00-DX1.6B493BB3-6497-47AE-8D35-CC7C35868E6E,oligo_IDHmt_1p19qdel_G2,low,IDH_mt_1p19q,train,C:\Users\TAbde\PycharmProjects\Glioma-SPARSE\data\tcga_thumbnails\oligo_IDHmt_1p19qdel_G2\included\TCGA-TM-A7C5-01Z-00-DX1.6B493BB3-6497-47AE-8D35-CC7C35868E6E.jpg
TCGA-HT-7681-01Z-00-DX1.DF3E914B-2F70-4225-BAF6-79F611E1E505,oligo_IDHmt_1p19qdel_G2,low,IDH_mt_1p19q,train,C:\Users\TAbde\PycharmProjects\Glioma-SPARSE\data\tcga_thumbnails\oligo_IDHmt_1p19qdel_G2\included\TCGA-HT-7681-01Z-00-DX1.DF3E914B-2F70-4225-BAF6-79F611E1E505.jpg
TCGA-DU-5870-01Z-00-DX1.11f12fa4-b243-4e7a-885a-43f6ca71f024,oligo_IDHmt_1p19qdel_G2,low,IDH_mt_1p19q,train,C:\Users\TAbde\PycharmProjects\Glioma-SPARSE\data\tcga_thumbnails\oligo_IDHmt_1p19qdel_G2\included\TCGA-DU-5870-01Z-00-DX1.11f12fa4-b243-4e7a-885a-43f6ca71f024.jpg
TCGA-DU-5849-01Z-00-DX1.e7b1aee3-be94-4472-a7b1-313b7dc8986b,oligo_IDHmt_1p19qdel_G2,low,IDH_mt_1p19q,train,C:\Users\TAbde\PycharmProjects\Glioma-SPARSE\data\tcga_thumbnails\oligo_IDHmt_1p19qdel_G2\included\TCGA-DU-5849-01Z-00-DX1.e7b1aee3-be94-4472-a7b1-313b7dc8986b.jpg
TCGA-DB-5278-01Z-00-DX1.3B0317D3-8C14-4C70-B60B-2153E89056BF,oligo_IDHmt_1p19qdel_G2,low,IDH_mt_1p19q,train,C:\Users\TAbde\PycharmProjects\Glioma-SPARSE\data\tcga_thumbnails\oligo_IDHmt_1p19qdel_G2\included\TCGA-DB-5278-01Z-00-DX1.3B0317D3-8C14-4C70-B60B-2153E89056BF.jpg
TCGA-HW-7487-01Z-00-DX1.282f8f7a-b61e-45be-8490-adcecc97f326,oligo_IDHmt_1p19qdel_G2,low,IDH_mt_1p19q,train,C:\Users\TAbde\PycharmProjects\Glioma-SPARSE\data\tcga_thumbnails\oligo_IDHmt_1p19qdel_G2\included\TCGA-HW-7487-01Z-00-DX1.282f8f7a-b61e-45be-8490-adcecc97f326.jpg
TCGA-FG-5964-01Z-00-DX1.971827c7-4e41-4b8c-af02-01b340cf4cbd,oligo_IDHmt_1p19qdel_G2,low,IDH_mt_1p19q,train,C:\Users\TAbde\PycharmProjects\Glioma-SPARSE\data\tcga_thumbnails\oligo_IDHmt_1p19qdel_G2\included\TCGA-FG-5964-01Z-00-DX1.971827c7-4e41-4b8c-af02-01b340cf4cbd.jpg
TCGA-F6-A8O3-01Z-00-DX1.64B49CF2-4626-48BE-88B5-646E0BDF520C,oligo_IDHmt_1p19qdel_G2,low,IDH_mt_1p19q,train,C:\Users\TAbde\PycharmProjects\Glioma-SPARSE\data\tcga_thumbnails\oligo_IDHmt_1p19qdel_G2\included\TCGA-F6-A8O3-01Z-00-DX1.64B49CF2-4626-48BE-88B5-646E0BDF520C.jpg
TCGA-QH-A65V-01Z-00-DX1.90506158-FEBB-4CE2-A017-9387A9ADDED3,oligo_IDHmt_1p19qdel_G2,low,IDH_mt_1p19q,train,C:\Users\TAbde\PycharmProjects\Glioma-SPARSE\data\tcga_thumbnails\oligo_IDHmt_1p19qdel_G2\included\TCGA-QH-A65V-01Z-00-DX1.90506158-FEBB-4CE2-A017-9387A9ADDED3.jpg
TCGA-DH-A66F-01Z-00-DX1.820376E3-0710-4EF5-B3EA-9F56540B93FD,oligo_IDHmt_1p19qdel_G2,low,IDH_mt_1p19q,train,C:\Users\TAbde\PycharmProjects\Glioma-SPARSE\data\tcga_thumbnails\oligo_IDHmt_1p19qdel_G2\included\TCGA-DH-A66F-01Z-00-DX1.820376E3-0710-4EF5-B3EA-9F56540B93FD.jpg
TCGA-EZ-7264-01Z-00-DX1.80a61d74-77d9-4998-bb55-213767a588ff,oligo_IDHmt_1p19qdel_G2,low,IDH_mt_1p19q,train,C:\Users\TAbde\PycharmProjects\Glioma-SPARSE\data\tcga_thumbnails\oligo_IDHmt_1p19qdel_G2\included\TCGA-EZ-7264-01Z-00-DX1.80a61d74-77d9-4998-bb55-213767a588ff.jpg
TCGA-S9-A7QY-01Z-00-DX1.C50B9D19-0959-486F-BAC1-09B563F16D54,oligo_IDHmt_1p19qdel_G2,low,IDH_mt_1p19q,train,C:\Users\TAbde\PycharmProjects\Glioma-SPARSE\data\tcga_thumbnails\oligo_IDHmt_1p19qdel_G2\included\TCGA-S9-A7QY-01Z-00-DX1.C50B9D19-0959-486F-BAC1-09B563F16D54.jpg
TCGA-DB-A64V-01Z-00-DX1.F6D441CA-6613-4F91-9E54-0FBB3F17CE08,oligo_IDHmt_1p19qdel_G2,low,IDH_mt_1p19q,train,C:\Users\TAbde\PycharmProjects\Glioma-SPARSE\data\tcga_thumbnails\oligo_IDHmt_1p19qdel_G2\included\TCGA-DB-A64V-01Z-00-DX1.F6D441CA-6613-4F91-9E54-0FBB3F17CE08.jpg
TCGA-TM-A84R-01Z-00-DX1.26D7F00E-85DD-49E9-BCA3-AAA25ECD2E5F,oligo_IDHmt_1p19qdel_G2,low,IDH_mt_1p19q,train,C:\Users\TAbde\PycharmProjects\Glioma-SPARSE\data\tcga_thumbnails\oligo_IDHmt_1p19qdel_G2\included\TCGA-TM-A84R-01Z-00-DX1.26D7F00E-85DD-49E9-BCA3-AAA25ECD2E5F.jpg
TCGA-DU-8164-01Z-00-DX1.7a39faea-a8f4-4da9-a3e9-b899192445c8,oligo_IDHmt_1p19qdel_G2,low,IDH_mt_1p19q,train,C:\Users\TAbde\PycharmProjects\Glioma-SPARSE\data\tcga_thumbnails\oligo_IDHmt_1p19qdel_G2\included\TCGA-DU-8164-01Z-00-DX1.7a39faea-a8f4-4da9-a3e9-b899192445c8.jpg
TCGA-S9-A6TY-01Z-00-DX1.C4A9E841-C3F4-4752-93E8-6478B7B88E60,oligo_IDHmt_1p19qdel_G2,low,IDH_mt_1p19q,train,C:\Users\TAbde\PycharmProjects\Glioma-SPARSE\data\tcga_thumbnails\oligo_IDHmt_1p19qdel_G2\included\TCGA-S9-A6TY-01Z-00-DX1.C4A9E841-C3F4-4752-93E8-6478B7B88E60.jpg
TCGA-QH-A6CZ-01Z-00-DX1.90849167-11DA-4E74-900B-6D6449099A51,oligo_IDHmt_1p19qdel_G2,low,IDH_mt_1p19q,train,C:\Users\TAbde\PycharmProjects\Glioma-SPARSE\data\tcga_thumbnails\oligo_IDHmt_1p19qdel_G2\included\TCGA-QH-A6CZ-01Z-00-DX1.90849167-11DA-4E74-900B-6D6449099A51.jpg
TCGA-R8-A6MK-01Z-00-DX1.CD613162-8078-4FB2-99A4-ED8E524FE2C3,oligo_IDHmt_1p19qdel_G2,low,IDH_mt_1p19q,train,C:\Users\TAbde\PycharmProjects\Glioma-SPARSE\data\tcga_thumbnails\oligo_IDHmt_1p19qdel_G2\included\TCGA-R8-A6MK-01Z-00-DX1.CD613162-8078-4FB2-99A4-ED8E524FE2C3.jpg
TCGA-DB-A4XA-01Z-00-DX1.108DC8B4-E6B6-4526-9E9B-B42DCF90FF01,oligo_IDHmt_1p19qdel_G2,low,IDH_mt_1p19q,train,C:\Users\TAbde\PycharmProjects\Glioma-SPARSE\data\tcga_thumbnails\oligo_IDHmt_1p19qdel_G2\included\TCGA-DB-A4XA-01Z-00-DX1.108DC8B4-E6B6-4526-9E9B-B42DCF90FF01.jpg
TCGA-HT-7881-01Z-00-DX1.CA0C019C-201C-4D3B-B1BD-954E081CC3EE,oligo_IDHmt_1p19qdel_G2,low,IDH_mt_1p19q,train,C:\Users\TAbde\PycharmProjects\Glioma-SPARSE\data\tcga_thumbnails\oligo_IDHmt_1p19qdel_G2\included\TCGA-HT-7881-01Z-00-DX1.CA0C019C-201C-4D3B-B1BD-954E081CC3EE.jpg
TCGA-FG-A6IZ-01Z-00-DX1.4E27D4BA-5E6C-4E51-97F4-5EE6148A4F29,oligo_IDHmt_1p19qdel_G2,low,IDH_mt_1p19q,train,C:\Users\TAbde\PycharmProjects\Glioma-SPARSE\data\tcga_thumbnails\oligo_IDHmt_1p19qdel_G2\included\TCGA-FG-A6IZ-01Z-00-DX1.4E27D4BA-5E6C-4E51-97F4-5EE6148A4F29.jpg
TCGA-QH-A6X5-01Z-00-DX1.A5F05E37-81B8-4390-8C0B-4DD1FDBC3853,oligo_IDHmt_1p19qdel_G2,low,IDH_mt_1p19q,train,C:\Users\TAbde\PycharmProjects\Glioma-SPARSE\data\tcga_thumbnails\oligo_IDHmt_1p19qdel_G2\included\TCGA-QH-A6X5-01Z-00-DX1.A5F05E37-81B8-4390-8C0B-4DD1FDBC3853.jpg
TCGA-HW-7491-01Z-00-DX1.0648acf5-5dbd-47ad-96fd-52d765398718,oligo_IDHmt_1p19qdel_G2,low,IDH_mt_1p19q,train,C:\Users\TAbde\PycharmProjects\Glioma-SPARSE\data\tcga_thumbnails\oligo_IDHmt_1p19qdel_G2\included\TCGA-HW-7491-01Z-00-DX1.0648acf5-5dbd-47ad-96fd-52d765398718.jpg
TCGA-S9-A7IQ-01Z-00-DX1.3B4A20BF-6303-475D-BE85-014922FA02DA,oligo_IDHmt_1p19qdel_G2,low,IDH_mt_1p19q,train,C:\Users\TAbde\PycharmProjects\Glioma-SPARSE\data\tcga_thumbnails\oligo_IDHmt_1p19qdel_G2\included\TCGA-S9-A7IQ-01Z-00-DX1.3B4A20BF-6303-475D-BE85-014922FA02DA.jpg
TCGA-QH-A65Z-01Z-00-DX1.33A27DCF-3B96-468B-AF2C-6F394EFA44EF,oligo_IDHmt_1p19qdel_G2,low,IDH_mt_1p19q,train,C:\Users\TAbde\PycharmProjects\Glioma-SPARSE\data\tcga_thumbnails\oligo_IDHmt_1p19qdel_G2\included\TCGA-QH-A65Z-01Z-00-DX1.33A27DCF-3B96-468B-AF2C-6F394EFA44EF.jpg
TCGA-DU-7009-01Z-00-DX1.EAAC2D49-EFA4-48B1-97D9-5387C25155C4,oligo_IDHmt_1p19qdel_G2,low,IDH_mt_1p19q,train,C:\Users\TAbde\PycharmProjects\Glioma-SPARSE\data\tcga_thumbnails\oligo_IDHmt_1p19qdel_G2\included\TCGA-DU-7009-01Z-00-DX1.EAAC2D49-EFA4-48B1-97D9-5387C25155C4.jpg
TCGA-DB-A4XH-01Z-00-DX1.56D80999-2AB5-40BB-9326-43B6FF71183A,oligo_IDHmt_1p19qdel_G2,low,IDH_mt_1p19q,train,C:\Users\TAbde\PycharmProjects\Glioma-SPARSE\data\tcga_thumbnails\oligo_IDHmt_1p19qdel_G2\included\TCGA-DB-A4XH-01Z-00-DX1.56D80999-2AB5-40BB-9326-43B6FF71183A.jpg
TCGA-HT-7877-01Z-00-DX1.F9F0B3D4-6802-49DC-8540-DF329FE1379D,oligo_IDHmt_1p19qdel_G2,low,IDH_mt_1p19q,train,C:\Users\TAbde\PycharmProjects\Glioma-SPARSE\data\tcga_thumbnails\oligo_IDHmt_1p19qdel_G2\included\TCGA-HT-7877-01Z-00-DX1.F9F0B3D4-6802-49DC-8540-DF329FE1379D.jpg
TCGA-S9-A6U5-01Z-00-DX1.BC695617-5AF4-4D43-91D9-1BC5A9DBB8DA,oligo_IDHmt_1p19qdel_G2,low,IDH_mt_1p19q,train,C:\Users\TAbde\PycharmProjects\Glioma-SPARSE\data\tcga_thumbnails\oligo_IDHmt_1p19qdel_G2\included\TCGA-S9-A6U5-01Z-00-DX1.BC695617-5AF4-4D43-91D9-1BC5A9DBB8DA.jpg
TCGA-R8-A6MO-01Z-00-DX1.C29AAA07-B083-47E5-9F55-D3A06F3A5415,oligo_IDHmt_1p19qdel_G2,low,IDH_mt_1p19q,train,C:\Users\TAbde\PycharmProjects\Glioma-SPARSE\data\tcga_thumbnails\oligo_IDHmt_1p19qdel_G2\included\TCGA-R8-A6MO-01Z-00-DX1.C29AAA07-B083-47E5-9F55-D3A06F3A5415.jpg
TCGA-QH-A86X-01Z-00-DX1.20F36DDB-D007-4832-842A-8A7E3F0C2D02,oligo_IDHmt_1p19qdel_G2,low,IDH_mt_1p19q,train,C:\Users\TAbde\PycharmProjects\Glioma-SPARSE\data\tcga_thumbnails\oligo_IDHmt_1p19qdel_G2\included\TCGA-QH-A86X-01Z-00-DX1.20F36DDB-D007-4832-842A-8A7E3F0C2D02.jpg
TCGA-HT-7692-01Z-00-DX1.F58C6AFF-315C-4FEC-80CB-51FB4976246B,oligo_IDHmt_1p19qdel_G2,low,IDH_mt_1p19q,train,C:\Users\TAbde\PycharmProjects\Glioma-SPARSE\data\tcga_thumbnails\oligo_IDHmt_1p19qdel_G2\included\TCGA-HT-7692-01Z-00-DX1.F58C6AFF-315C-4FEC-80CB-51FB4976246B.jpg
TCGA-HT-A615-01Z-00-DX1.454CE5AA-213B-4479-B6B9-4CEAB6EC951A,oligo_IDHmt_1p19qdel_G2,low,IDH_mt_1p19q,train,C:\Users\TAbde\PycharmProjects\Glioma-SPARSE\data\tcga_thumbnails\oligo_IDHmt_1p19qdel_G2\included\TCGA-HT-A615-01Z-00-DX1.454CE5AA-213B-4479-B6B9-4CEAB6EC951A.jpg
TCGA-S9-A7QZ-01Z-00-DX1.8639F7A6-105E-475B-8836-644EFF95690D,oligo_IDHmt_1p19qdel_G2,low,IDH_mt_1p19q,train,C:\Users\TAbde\PycharmProjects\Glioma-SPARSE\data\tcga_thumbnails\oligo_IDHmt_1p19qdel_G2\included\TCGA-S9-A7QZ-01Z-00-DX1.8639F7A6-105E-475B-8836-644EFF95690D.jpg
TCGA-DB-A64Q-01Z-00-DX1.CD3937C2-015A-490D-B6A6-BAEEFFDC0747,oligo_IDHmt_1p19qdel_G2,low,IDH_mt_1p19q,train,C:\Users\TAbde\PycharmProjects\Glioma-SPARSE\data\tcga_thumbnails\oligo_IDHmt_1p19qdel_G2\included\TCGA-DB-A64Q-01Z-00-DX1.CD3937C2-015A-490D-B6A6-BAEEFFDC0747.jpg
TCGA-FG-7641-01Z-00-DX1.7672d4c9-2bd2-4faf-a183-f69b7e1aefea,oligo_IDHmt_1p19qdel_G2,low,IDH_mt_1p19q,train,C:\Users\TAbde\PycharmProjects\Glioma-SPARSE\data\tcga_thumbnails\oligo_IDHmt_1p19qdel_G2\included\TCGA-FG-7641-01Z-00-DX1.7672d4c9-2bd2-4faf-a183-f69b7e1aefea.jpg
TCGA-HT-7467-01Z-00-DX1.F65868BC-8DD4-4ECF-873B-03C8868345B1,oligo_IDHmt_1p19qdel_G2,low,IDH_mt_1p19q,train,C:\Users\TAbde\PycharmProjects\Glioma-SPARSE\data\tcga_thumbnails\oligo_IDHmt_1p19qdel_G2\included\TCGA-HT-7467-01Z-00-DX1.F65868BC-8DD4-4ECF-873B-03C8868345B1.jpg
TCGA-HW-7495-01Z-00-DX1.6453ae00-7849-4b90-ac8f-fd32791d21b1,oligo_IDHmt_1p19qdel_G2,low,IDH_mt_1p19q,train,C:\Users\TAbde\PycharmProjects\Glioma-SPARSE\data\tcga_thumbnails\oligo_IDHmt_1p19qdel_G2\included\TCGA-HW-7495-01Z-00-DX1.6453ae00-7849-4b90-ac8f-fd32791d21b1.jpg
TCGA-HT-8012-01Z-00-DX1.6437C769-CD18-4DC2-8961-1E2C89018045,oligo_IDHmt_1p19qdel_G2,low,IDH_mt_1p19q,train,C:\Users\TAbde\PycharmProjects\Glioma-SPARSE\data\tcga_thumbnails\oligo_IDHmt_1p19qdel_G2\included\TCGA-HT-8012-01Z-00-DX1.6437C769-CD18-4DC2-8961-1E2C89018045.jpg
TCGA-S9-A6WH-01Z-00-DX1.DDBE3C83-36D7-4969-BFFE-7FAA8014633B,oligo_IDHmt_1p19qdel_G2,low,IDH_mt_1p19q,train,C:\Users\TAbde\PycharmProjects\Glioma-SPARSE\data\tcga_thumbnails\oligo_IDHmt_1p19qdel_G2\included\TCGA-S9-A6WH-01Z-00-DX1.DDBE3C83-36D7-4969-BFFE-7FAA8014633B.jpg
TCGA-HT-7695-01Z-00-DX1.30F75635-FD99-4F2C-9E03-2A7F9A78F6EC,oligo_IDHmt_1p19qdel_G2,low,IDH_mt_1p19q,train,C:\Users\TAbde\PycharmProjects\Glioma-SPARSE\data\tcga_thumbnails\oligo_IDHmt_1p19qdel_G2\included\TCGA-HT-7695-01Z-00-DX1.30F75635-FD99-4F2C-9E03-2A7F9A78F6EC.jpg
TCGA-S9-A7R1-01Z-00-DX1.9FAB9E82-AC0C-4902-BB8B-3620DCC21832,oligo_IDHmt_1p19qdel_G2,low,IDH_mt_1p19q,train,C:\Users\TAbde\PycharmProjects\Glioma-SPARSE\data\tcga_thumbnails\oligo_IDHmt_1p19qdel_G2\included\TCGA-S9-A7R1-01Z-00-DX1.9FAB9E82-AC0C-4902-BB8B-3620DCC21832.jpg
TCGA-FG-8187-01Z-00-DX1.4af1e387-0e5f-43e2-a237-fad93a0209a7,oligo_IDHmt_1p19qdel_G2,low,IDH_mt_1p19q,train,C:\Users\TAbde\PycharmProjects\Glioma-SPARSE\data\tcga_thumbnails\oligo_IDHmt_1p19qdel_G2\included\TCGA-FG-8187-01Z-00-DX1.4af1e387-0e5f-43e2-a237-fad93a0209a7.jpg
TCGA-HT-8010-01Z-00-DX1.43C29B1E-B4D4-451A-8ACC-44C016FAB6FC,oligo_IDHmt_1p19qdel_G2,low,IDH_mt_1p19q,train,C:\Users\TAbde\PycharmProjects\Glioma-SPARSE\data\tcga_thumbnails\oligo_IDHmt_1p19qdel_G2\included\TCGA-HT-8010-01Z-00-DX1.43C29B1E-B4D4-451A-8ACC-44C016FAB6FC.jpg
TCGA-HW-7486-01Z-00-DX1.fc5aa2ce-c05e-40b6-934a-d44ef7feda2b,oligo_IDHmt_1p19qdel_G2,low,IDH_mt_1p19q,train,C:\Users\TAbde\PycharmProjects\Glioma-SPARSE\data\tcga_thumbnails\oligo_IDHmt_1p19qdel_G2\included\TCGA-HW-7486-01Z-00-DX1.fc5aa2ce-c05e-40b6-934a-d44ef7feda2b.jpg
TCGA-FG-A60K-01Z-00-DX1.A5997F67-B39A-477A-BE71-BF72FD9596F8,oligo_IDHmt_1p19qdel_G2,low,IDH_mt_1p19q,train,C:\Users\TAbde\PycharmProjects\Glioma-SPARSE\data\tcga_thumbnails\oligo_IDHmt_1p19qdel_G2\included\TCGA-FG-A60K-01Z-00-DX1.A5997F67-B39A-477A-BE71-BF72FD9596F8.jpg
TCGA-HT-7607-01Z-00-DX17.4EA311DA-943A-415A-B2C6-19B7D20231AF,oligo_IDHmt_1p19qdel_G2,low,IDH_mt_1p19q,train,C:\Users\TAbde\PycharmProjects\Glioma-SPARSE\data\tcga_thumbnails\oligo_IDHmt_1p19qdel_G2\included\TCGA-HT-7607-01Z-00-DX17.4EA311DA-943A-415A-B2C6-19B7D20231AF.jpg
TCGA-DB-A64U-01Z-00-DX1.7E003533-C514-46BA-A934-3D74B19188DE,oligo_IDHmt_1p19qdel_G2,low,IDH_mt_1p19q,val,C:\Users\TAbde\PycharmProjects\Glioma-SPARSE\data\tcga_thumbnails\oligo_IDHmt_1p19qdel_G2\included\TCGA-DB-A64U-01Z-00-DX1.7E003533-C514-46BA-A934-3D74B19188DE.jpg
TCGA-CS-6668-01Z-00-DX1.D6E80501-5B34-499A-9899-8167575DBBDB,oligo_IDHmt_1p19qdel_G2,low,IDH_mt_1p19q,val,C:\Users\TAbde\PycharmProjects\Glioma-SPARSE\data\tcga_thumbnails\oligo_IDHmt_1p19qdel_G2\included\TCGA-CS-6668-01Z-00-DX1.D6E80501-5B34-499A-9899-8167575DBBDB.jpg
TCGA-HT-7481-01Z-00-DX1.19124734-8096-44FA-ABF1-40BA8BE318DF,oligo_IDHmt_1p19qdel_G2,low,IDH_mt_1p19q,val,C:\Users\TAbde\PycharmProjects\Glioma-SPARSE\data\tcga_thumbnails\oligo_IDHmt_1p19qdel_G2\included\TCGA-HT-7481-01Z-00-DX1.19124734-8096-44FA-ABF1-40BA8BE318DF.jpg
TCGA-DB-A64L-01Z-00-DX1.95A7A10B-D31F-4A8E-B847-2F43F9DC1C46,oligo_IDHmt_1p19qdel_G2,low,IDH_mt_1p19q,val,C:\Users\TAbde\PycharmProjects\Glioma-SPARSE\data\tcga_thumbnails\oligo_IDHmt_1p19qdel_G2\included\TCGA-DB-A64L-01Z-00-DX1.95A7A10B-D31F-4A8E-B847-2F43F9DC1C46.jpg
TCGA-FG-A6J1-01Z-00-DX1.F360DE20-12F7-4727-8A21-C3D3F3EA4AF2,oligo_IDHmt_1p19qdel_G2,low,IDH_mt_1p19q,val,C:\Users\TAbde\PycharmProjects\Glioma-SPARSE\data\tcga_thumbnails\oligo_IDHmt_1p19qdel_G2\included\TCGA-FG-A6J1-01Z-00-DX1.F360DE20-12F7-4727-8A21-C3D3F3EA4AF2.jpg
TCGA-HT-7608-01Z-00-DX1.75E16CEE-44C7-43C1-91BB-AB9EC4385419,oligo_IDHmt_1p19qdel_G2,low,IDH_mt_1p19q,val,C:\Users\TAbde\PycharmProjects\Glioma-SPARSE\data\tcga_thumbnails\oligo_IDHmt_1p19qdel_G2\included\TCGA-HT-7608-01Z-00-DX1.75E16CEE-44C7-43C1-91BB-AB9EC4385419.jpg
TCGA-S9-A7J1-01Z-00-DX1.E6934DF9-A2DF-4454-B927-CD481786EB3A,oligo_IDHmt_1p19qdel_G2,low,IDH_mt_1p19q,test,C:\Users\TAbde\PycharmProjects\Glioma-SPARSE\data\tcga_thumbnails\oligo_IDHmt_1p19qdel_G2\included\TCGA-S9-A7J1-01Z-00-DX1.E6934DF9-A2DF-4454-B927-CD481786EB3A.jpg
TCGA-HT-7480-01Z-00-DX1.42E0C267-020A-464E-9652-2068BEC181B8,oligo_IDHmt_1p19qdel_G2,low,IDH_mt_1p19q,test,C:\Users\TAbde\PycharmProjects\Glioma-SPARSE\data\tcga_thumbnails\oligo_IDHmt_1p19qdel_G2\included\TCGA-HT-7480-01Z-00-DX1.42E0C267-020A-464E-9652-2068BEC181B8.jpg
TCGA-DB-5279-01Z-00-DX1.3E13F0B8-ECCE-490F-B035-2A0E9AD632CB,oligo_IDHmt_1p19qdel_G2,low,IDH_mt_1p19q,test,C:\Users\TAbde\PycharmProjects\Glioma-SPARSE\data\tcga_thumbnails\oligo_IDHmt_1p19qdel_G2\included\TCGA-DB-5279-01Z-00-DX1.3E13F0B8-ECCE-490F-B035-2A0E9AD632CB.jpg
TCGA-DH-A7US-01Z-00-DX1.0CC50064-5604-449F-8A97-860436784030,oligo_IDHmt_1p19qdel_G2,low,IDH_mt_1p19q,test,C:\Users\TAbde\PycharmProjects\Glioma-SPARSE\data\tcga_thumbnails\oligo_IDHmt_1p19qdel_G2\included\TCGA-DH-A7US-01Z-00-DX1.0CC50064-5604-449F-8A97-860436784030.jpg
TCGA-DB-A64R-01Z-00-DX1.0A2B114A-F7CA-4D94-A7E4-CA482F92B214,oligo_IDHmt_1p19qdel_G2,low,IDH_mt_1p19q,test,C:\Users\TAbde\PycharmProjects\Glioma-SPARSE\data\tcga_thumbnails\oligo_IDHmt_1p19qdel_G2\included\TCGA-DB-A64R-01Z-00-DX1.0A2B114A-F7CA-4D94-A7E4-CA482F92B214.jpg
TCGA-R8-A73M-01Z-00-DX1.F73016FC-3180-4D90-9D49-2FA04F9BC5A3,oligo_IDHmt_1p19qdel_G2,low,IDH_mt_1p19q,test,C:\Users\TAbde\PycharmProjects\Glioma-SPARSE\data\tcga_thumbnails\oligo_IDHmt_1p19qdel_G2\included\TCGA-R8-A73M-01Z-00-DX1.F73016FC-3180-4D90-9D49-2FA04F9BC5A3.jpg
TCGA-DU-8168-01Z-00-DX1.e89da367-c6d4-4eb6-8d2e-96a0f8c8cd4a,oligo_IDHmt_1p19qdel_G3,high,IDH_mt_1p19q,train,C:\Users\TAbde\PycharmProjects\Glioma-SPARSE\data\tcga_thumbnails\oligo_IDHmt_1p19qdel_G3\included\TCGA-DU-8168-01Z-00-DX1.e89da367-c6d4-4eb6-8d2e-96a0f8c8cd4a.jpg
TCGA-DH-A7UR-01Z-00-DX1.CD0C3921-255F-4415-BE61-240068DD1C9D,oligo_IDHmt_1p19qdel_G3,high,IDH_mt_1p19q,train,C:\Users\TAbde\PycharmProjects\Glioma-SPARSE\data\tcga_thumbnails\oligo_IDHmt_1p19qdel_G3\included\TCGA-DH-A7UR-01Z-00-DX1.CD0C3921-255F-4415-BE61-240068DD1C9D.jpg
TCGA-QH-A6CY-01Z-00-DX1.1CB3CC89-98CA-4865-8203-E7713A412E30,oligo_IDHmt_1p19qdel_G3,high,IDH_mt_1p19q,train,C:\Users\TAbde\PycharmProjects\Glioma-SPARSE\data\tcga_thumbnails\oligo_IDHmt_1p19qdel_G3\included\TCGA-QH-A6CY-01Z-00-DX1.1CB3CC89-98CA-4865-8203-E7713A412E30.jpg
TCGA-S9-A6WL-01Z-00-DX1.2AB33E11-47B6-4382-8EE3-181D97C2241E,oligo_IDHmt_1p19qdel_G3,high,IDH_mt_1p19q,train,C:\Users\TAbde\PycharmProjects\Glioma-SPARSE\data\tcga_thumbnails\oligo_IDHmt_1p19qdel_G3\included\TCGA-S9-A6WL-01Z-00-DX1.2AB33E11-47B6-4382-8EE3-181D97C2241E.jpg
TCGA-HT-8109-01Z-00-DX1.61B043DE-83D6-4EBA-B93F-8A9F1389717F,oligo_IDHmt_1p19qdel_G3,high,IDH_mt_1p19q,train,C:\Users\TAbde\PycharmProjects\Glioma-SPARSE\data\tcga_thumbnails\oligo_IDHmt_1p19qdel_G3\included\TCGA-HT-8109-01Z-00-DX1.61B043DE-83D6-4EBA-B93F-8A9F1389717F.jpg
TCGA-HT-A4DV-01Z-00-DX1.6F6DFF05-2F43-4E45-8C55-1A81DB16B421,oligo_IDHmt_1p19qdel_G3,high,IDH_mt_1p19q,train,C:\Users\TAbde\PycharmProjects\Glioma-SPARSE\data\tcga_thumbnails\oligo_IDHmt_1p19qdel_G3\included\TCGA-HT-A4DV-01Z-00-DX1.6F6DFF05-2F43-4E45-8C55-1A81DB16B421.jpg
TCGA-FG-8186-01Z-00-DX1.61031186-ca17-4c25-b7e8-b9a3f99a8242,oligo_IDHmt_1p19qdel_G3,high,IDH_mt_1p19q,train,C:\Users\TAbde\PycharmProjects\Glioma-SPARSE\data\tcga_thumbnails\oligo_IDHmt_1p19qdel_G3\included\TCGA-FG-8186-01Z-00-DX1.61031186-ca17-4c25-b7e8-b9a3f99a8242.jpg
TCGA-P5-A730-01Z-00-DX1.D1267FDB-E9CF-445B-9E4F-B8D206CA7EC4,oligo_IDHmt_1p19qdel_G3,high,IDH_mt_1p19q,train,C:\Users\TAbde\PycharmProjects\Glioma-SPARSE\data\tcga_thumbnails\oligo_IDHmt_1p19qdel_G3\included\TCGA-P5-A730-01Z-00-DX1.D1267FDB-E9CF-445B-9E4F-B8D206CA7EC4.jpg
TCGA-DU-7018-01Z-00-DX1.75C2DA95-5661-4CC4-BF42-CF30137CEA9F,oligo_IDHmt_1p19qdel_G3,high,IDH_mt_1p19q,train,C:\Users\TAbde\PycharmProjects\Glioma-SPARSE\data\tcga_thumbnails\oligo_IDHmt_1p19qdel_G3\included\TCGA-DU-7018-01Z-00-DX1.75C2DA95-5661-4CC4-BF42-CF30137CEA9F.jpg
TCGA-HT-7856-01Z-00-DX1.E74F6803-42E5-48FE-8403-556DFC347AAB,oligo_IDHmt_1p19qdel_G3,high,IDH_mt_1p19q,train,C:\Users\TAbde\PycharmProjects\Glioma-SPARSE\data\tcga_thumbnails\oligo_IDHmt_1p19qdel_G3\included\TCGA-HT-7856-01Z-00-DX1.E74F6803-42E5-48FE-8403-556DFC347AAB.jpg
TCGA-QH-A6X4-01Z-00-DX1.59C962C6-B2F6-4156-BA5F-ADAEF54BA4D8,oligo_IDHmt_1p19qdel_G3,high,IDH_mt_1p19q,train,C:\Users\TAbde\PycharmProjects\Glioma-SPARSE\data\tcga_thumbnails\oligo_IDHmt_1p19qdel_G3\included\TCGA-QH-A6X4-01Z-00-DX1.59C962C6-B2F6-4156-BA5F-ADAEF54BA4D8.jpg
TCGA-S9-A7IY-01Z-00-DX1.185F1FC6-576A-4AAF-9BE0-250489B3E7C4,oligo_IDHmt_1p19qdel_G3,high,IDH_mt_1p19q,train,C:\Users\TAbde\PycharmProjects\Glioma-SPARSE\data\tcga_thumbnails\oligo_IDHmt_1p19qdel_G3\included\TCGA-S9-A7IY-01Z-00-DX1.185F1FC6-576A-4AAF-9BE0-250489B3E7C4.jpg
TCGA-QH-A6CU-01Z-00-DX1.617578E5-B19E-426A-98BE-CD2ADAD533B5,oligo_IDHmt_1p19qdel_G3,high,IDH_mt_1p19q,train,C:\Users\TAbde\PycharmProjects\Glioma-SPARSE\data\tcga_thumbnails\oligo_IDHmt_1p19qdel_G3\included\TCGA-QH-A6CU-01Z-00-DX1.617578E5-B19E-426A-98BE-CD2ADAD533B5.jpg
TCGA-QH-A6X8-01Z-00-DX1.9FB9444F-980D-4C73-8241-11D44C61CCE6,oligo_IDHmt_1p19qdel_G3,high,IDH_mt_1p19q,train,C:\Users\TAbde\PycharmProjects\Glioma-SPARSE\data\tcga_thumbnails\oligo_IDHmt_1p19qdel_G3\included\TCGA-QH-A6X8-01Z-00-DX1.9FB9444F-980D-4C73-8241-11D44C61CCE6.jpg
TCGA-HT-7874-01Z-00-DX1.5D728C37-46E8-4B21-B55E-4EA2787DF519,oligo_IDHmt_1p19qdel_G3,high,IDH_mt_1p19q,train,C:\Users\TAbde\PycharmProjects\Glioma-SPARSE\data\tcga_thumbnails\oligo_IDHmt_1p19qdel_G3\included\TCGA-HT-7874-01Z-00-DX1.5D728C37-46E8-4B21-B55E-4EA2787DF519.jpg
TCGA-R8-A6ML-01Z-00-DX1.22E320A4-A5B4-4D32-83C6-CD83199E2B4C,oligo_IDHmt_1p19qdel_G3,high,IDH_mt_1p19q,train,C:\Users\TAbde\PycharmProjects\Glioma-SPARSE\data\tcga_thumbnails\oligo_IDHmt_1p19qdel_G3\included\TCGA-R8-A6ML-01Z-00-DX1.22E320A4-A5B4-4D32-83C6-CD83199E2B4C.jpg
TCGA-DB-A4XG-01Z-00-DX1.76683FE4-150C-44B9-99C1-DFCCAB337CDE,oligo_IDHmt_1p19qdel_G3,high,IDH_mt_1p19q,train,C:\Users\TAbde\PycharmProjects\Glioma-SPARSE\data\tcga_thumbnails\oligo_IDHmt_1p19qdel_G3\included\TCGA-DB-A4XG-01Z-00-DX1.76683FE4-150C-44B9-99C1-DFCCAB337CDE.jpg
TCGA-DU-A7T6-01Z-00-DX1.9FCFC32F-0D18-4CE5-8CF3-34A7732FD76D,oligo_IDHmt_1p19qdel_G3,high,IDH_mt_1p19q,train,C:\Users\TAbde\PycharmProjects\Glioma-SPARSE\data\tcga_thumbnails\oligo_IDHmt_1p19qdel_G3\included\TCGA-DU-A7T6-01Z-00-DX1.9FCFC32F-0D18-4CE5-8CF3-34A7732FD76D.jpg
TCGA-S9-A6WN-01Z-00-DX1.FEEA7335-8225-4DA8-9AE1-3DA1B6EFCAE5,oligo_IDHmt_1p19qdel_G3,high,IDH_mt_1p19q,train,C:\Users\TAbde\PycharmProjects\Glioma-SPARSE\data\tcga_thumbnails\oligo_IDHmt_1p19qdel_G3\included\TCGA-S9-A6WN-01Z-00-DX1.FEEA7335-8225-4DA8-9AE1-3DA1B6EFCAE5.jpg
TCGA-QH-A65X-01Z-00-DX1.7791978D-0E39-43A9-8834-9D1E29FA526A,oligo_IDHmt_1p19qdel_G3,high,IDH_mt_1p19q,train,C:\Users\TAbde\PycharmProjects\Glioma-SPARSE\data\tcga_thumbnails\oligo_IDHmt_1p19qdel_G3\included\TCGA-QH-A65X-01Z-00-DX1.7791978D-0E39-43A9-8834-9D1E29FA526A.jpg
TCGA-S9-A6WD-01Z-00-DX1.4B8BAF92-5817-494A-A842-7FE6C0C6F643,oligo_IDHmt_1p19qdel_G3,high,IDH_mt_1p19q,train,C:\Users\TAbde\PycharmProjects\Glioma-SPARSE\data\tcga_thumbnails\oligo_IDHmt_1p19qdel_G3\included\TCGA-S9-A6WD-01Z-00-DX1.4B8BAF92-5817-494A-A842-7FE6C0C6F643.jpg
TCGA-P5-A72Z-01Z-00-DX1.096F894F-C7EE-4CBC-A024-26B4513126A7,oligo_IDHmt_1p19qdel_G3,high,IDH_mt_1p19q,train,C:\Users\TAbde\PycharmProjects\Glioma-SPARSE\data\tcga_thumbnails\oligo_IDHmt_1p19qdel_G3\included\TCGA-P5-A72Z-01Z-00-DX1.096F894F-C7EE-4CBC-A024-26B4513126A7.jpg
TCGA-DU-7300-01Z-00-DX1.296EE79F-D449-4D0A-AF26-9D7F807BAE24,oligo_IDHmt_1p19qdel_G3,high,IDH_mt_1p19q,train,C:\Users\TAbde\PycharmProjects\Glioma-SPARSE\data\tcga_thumbnails\oligo_IDHmt_1p19qdel_G3\included\TCGA-DU-7300-01Z-00-DX1.296EE79F-D449-4D0A-AF26-9D7F807BAE24.jpg
TCGA-DB-A64P-01Z-00-DX1.A14552EE-4B33-4839-A733-00302D0BAFBC,oligo_IDHmt_1p19qdel_G3,high,IDH_mt_1p19q,train,C:\Users\TAbde\PycharmProjects\Glioma-SPARSE\data\tcga_thumbnails\oligo_IDHmt_1p19qdel_G3\included\TCGA-DB-A64P-01Z-00-DX1.A14552EE-4B33-4839-A733-00302D0BAFBC.jpg
TCGA-S9-A6TW-01Z-00-DX1.A217F3C6-1408-490D-B4C2-4258244755A6,oligo_IDHmt_1p19qdel_G3,high,IDH_mt_1p19q,train,C:\Users\TAbde\PycharmProjects\Glioma-SPARSE\data\tcga_thumbnails\oligo_IDHmt_1p19qdel_G3\included\TCGA-S9-A6TW-01Z-00-DX1.A217F3C6-1408-490D-B4C2-4258244755A6.jpg
TCGA-DU-6410-01Z-00-DX1.468e7f40-088d-426a-9458-7079ebcacc98,oligo_IDHmt_1p19qdel_G3,high,IDH_mt_1p19q,train,C:\Users\TAbde\PycharmProjects\Glioma-SPARSE\data\tcga_thumbnails\oligo_IDHmt_1p19qdel_G3\included\TCGA-DU-6410-01Z-00-DX1.468e7f40-088d-426a-9458-7079ebcacc98.jpg
TCGA-DU-A76R-01Z-00-DX1.EDE40E2C-2364-4B22-B787-E07E0821FF56,oligo_IDHmt_1p19qdel_G3,high,IDH_mt_1p19q,train,C:\Users\TAbde\PycharmProjects\Glioma-SPARSE\data\tcga_thumbnails\oligo_IDHmt_1p19qdel_G3\included\TCGA-DU-A76R-01Z-00-DX1.EDE40E2C-2364-4B22-B787-E07E0821FF56.jpg
TCGA-DU-7302-01Z-00-DX1.DF58DDC5-A6B1-4DE2-A048-A800099F8876,oligo_IDHmt_1p19qdel_G3,high,IDH_mt_1p19q,train,C:\Users\TAbde\PycharmProjects\Glioma-SPARSE\data\tcga_thumbnails\oligo_IDHmt_1p19qdel_G3\included\TCGA-DU-7302-01Z-00-DX1.DF58DDC5-A6B1-4DE2-A048-A800099F8876.jpg
TCGA-QH-A65R-01Z-00-DX1.32FE5D68-3820-4CD2-BE38-3ECB94F7A2FB,oligo_IDHmt_1p19qdel_G3,high,IDH_mt_1p19q,train,C:\Users\TAbde\PycharmProjects\Glioma-SPARSE\data\tcga_thumbnails\oligo_IDHmt_1p19qdel_G3\included\TCGA-QH-A65R-01Z-00-DX1.32FE5D68-3820-4CD2-BE38-3ECB94F7A2FB.jpg
TCGA-DH-A669-01Z-00-DX1.C4952318-5DA2-44E0-96AE-EE85C761C45D,oligo_IDHmt_1p19qdel_G3,high,IDH_mt_1p19q,train,C:\Users\TAbde\PycharmProjects\Glioma-SPARSE\data\tcga_thumbnails\oligo_IDHmt_1p19qdel_G3\included\TCGA-DH-A669-01Z-00-DX1.C4952318-5DA2-44E0-96AE-EE85C761C45D.jpg
TCGA-CS-6670-01Z-00-DX1.A767AC46-DA02-41C6-8829-AE53DB0F386E,oligo_IDHmt_1p19qdel_G3,high,IDH_mt_1p19q,train,C:\Users\TAbde\PycharmProjects\Glioma-SPARSE\data\tcga_thumbnails\oligo_IDHmt_1p19qdel_G3\included\TCGA-CS-6670-01Z-00-DX1.A767AC46-DA02-41C6-8829-AE53DB0F386E.jpg
TCGA-DB-A75K-01Z-00-DX1.20780A21-CE9E-4ABB-97E9-3D44D47C6218,oligo_IDHmt_1p19qdel_G3,high,IDH_mt_1p19q,train,C:\Users\TAbde\PycharmProjects\Glioma-SPARSE\data\tcga_thumbnails\oligo_IDHmt_1p19qdel_G3\included\TCGA-DB-A75K-01Z-00-DX1.20780A21-CE9E-4ABB-97E9-3D44D47C6218.jpg
TCGA-E1-A7YO-01Z-00-DX1.54EB75BF-B01E-4C24-9ADB-78D85C8F1BDC,oligo_IDHmt_1p19qdel_G3,high,IDH_mt_1p19q,train,C:\Users\TAbde\PycharmProjects\Glioma-SPARSE\data\tcga_thumbnails\oligo_IDHmt_1p19qdel_G3\included\TCGA-E1-A7YO-01Z-00-DX1.54EB75BF-B01E-4C24-9ADB-78D85C8F1BDC.jpg
TCGA-HT-7616-01Z-00-DX1.480841A6-F62C-4E95-A4EA-8DC975894933,oligo_IDHmt_1p19qdel_G3,high,IDH_mt_1p19q,train,C:\Users\TAbde\PycharmProjects\Glioma-SPARSE\data\tcga_thumbnails\oligo_IDHmt_1p19qdel_G3\included\TCGA-HT-7616-01Z-00-DX1.480841A6-F62C-4E95-A4EA-8DC975894933.jpg
TCGA-HW-A5KJ-01Z-00-DX1.565C251B-6B1B-4589-99E6-DD1ED951CA0C,oligo_IDHmt_1p19qdel_G3,high,IDH_mt_1p19q,train,C:\Users\TAbde\PycharmProjects\Glioma-SPARSE\data\tcga_thumbnails\oligo_IDHmt_1p19qdel_G3\included\TCGA-HW-A5KJ-01Z-00-DX1.565C251B-6B1B-4589-99E6-DD1ED951CA0C.jpg
TCGA-HT-A619-01Z-00-DX1.15587DED-9F06-4295-A772-BAA51D7A2B9A,oligo_IDHmt_1p19qdel_G3,high,IDH_mt_1p19q,train,C:\Users\TAbde\PycharmProjects\Glioma-SPARSE\data\tcga_thumbnails\oligo_IDHmt_1p19qdel_G3\included\TCGA-HT-A619-01Z-00-DX1.15587DED-9F06-4295-A772-BAA51D7A2B9A.jpg
TCGA-S9-A7J2-01Z-00-DX1.5BDB6D1B-F50E-42A7-9CB2-618F91DF6977,oligo_IDHmt_1p19qdel_G3,high,IDH_mt_1p19q,train,C:\Users\TAbde\PycharmProjects\Glioma-SPARSE\data\tcga_thumbnails\oligo_IDHmt_1p19qdel_G3\included\TCGA-S9-A7J2-01Z-00-DX1.5BDB6D1B-F50E-42A7-9CB2-618F91DF6977.jpg
TCGA-HT-8105-01Z-00-DX1.71273969-B550-45A8-9336-6B30D7D08916,oligo_IDHmt_1p19qdel_G3,high,IDH_mt_1p19q,train,C:\Users\TAbde\PycharmProjects\Glioma-SPARSE\data\tcga_thumbnails\oligo_IDHmt_1p19qdel_G3\included\TCGA-HT-8105-01Z-00-DX1.71273969-B550-45A8-9336-6B30D7D08916.jpg
TCGA-S9-A6WP-01Z-00-DX1.C3E303DF-A88E-4A62-8958-BDE01A384D99,oligo_IDHmt_1p19qdel_G3,high,IDH_mt_1p19q,train,C:\Users\TAbde\PycharmProjects\Glioma-SPARSE\data\tcga_thumbnails\oligo_IDHmt_1p19qdel_G3\included\TCGA-S9-A6WP-01Z-00-DX1.C3E303DF-A88E-4A62-8958-BDE01A384D99.jpg
TCGA-FG-5962-01Z-00-DX1.3df4ee8a-9be3-482e-a0d6-4e4d9c3c9f54,oligo_IDHmt_1p19qdel_G3,high,IDH_mt_1p19q,train,C:\Users\TAbde\PycharmProjects\Glioma-SPARSE\data\tcga_thumbnails\oligo_IDHmt_1p19qdel_G3\included\TCGA-FG-5962-01Z-00-DX1.3df4ee8a-9be3-482e-a0d6-4e4d9c3c9f54.jpg
TCGA-HT-A5R9-01Z-00-DX1.B3EA778F-A070-4DFA-B07C-8C18B948C7F1,oligo_IDHmt_1p19qdel_G3,high,IDH_mt_1p19q,train,C:\Users\TAbde\PycharmProjects\Glioma-SPARSE\data\tcga_thumbnails\oligo_IDHmt_1p19qdel_G3\included\TCGA-HT-A5R9-01Z-00-DX1.B3EA778F-A070-4DFA-B07C-8C18B948C7F1.jpg
TCGA-KT-A74X-01Z-00-DX1.E6563656-1B4E-440C-8797-B78FE067390D,oligo_IDHmt_1p19qdel_G3,high,IDH_mt_1p19q,train,C:\Users\TAbde\PycharmProjects\Glioma-SPARSE\data\tcga_thumbnails\oligo_IDHmt_1p19qdel_G3\included\TCGA-KT-A74X-01Z-00-DX1.E6563656-1B4E-440C-8797-B78FE067390D.jpg
TCGA-FG-7638-01Z-00-DX1.27EE5A65-D5D9-41B9-998E-049764C18DC8,oligo_IDHmt_1p19qdel_G3,high,IDH_mt_1p19q,train,C:\Users\TAbde\PycharmProjects\Glioma-SPARSE\data\tcga_thumbnails\oligo_IDHmt_1p19qdel_G3\included\TCGA-FG-7638-01Z-00-DX1.27EE5A65-D5D9-41B9-998E-049764C18DC8.jpg
TCGA-HT-7687-01Z-00-DX1.2A5DF71F-16A7-4F8B-B348-E407950A785F,oligo_IDHmt_1p19qdel_G3,high,IDH_mt_1p19q,train,C:\Users\TAbde\PycharmProjects\Glioma-SPARSE\data\tcga_thumbnails\oligo_IDHmt_1p19qdel_G3\included\TCGA-HT-7687-01Z-00-DX1.2A5DF71F-16A7-4F8B-B348-E407950A785F.jpg
TCGA-DH-5144-01Z-00-DX1.4DBB9F00-3215-4199-B8D6-16CC5E517E6F,oligo_IDHmt_1p19qdel_G3,high,IDH_mt_1p19q,val,C:\Users\TAbde\PycharmProjects\Glioma-SPARSE\data\tcga_thumbnails\oligo_IDHmt_1p19qdel_G3\included\TCGA-DH-5144-01Z-00-DX1.4DBB9F00-3215-4199-B8D6-16CC5E517E6F.jpg
TCGA-CS-5396-01Z-00-DX1.63f3413b-a950-417a-a49e-9d01efe45c88,oligo_IDHmt_1p19qdel_G3,high,IDH_mt_1p19q,val,C:\Users\TAbde\PycharmProjects\Glioma-SPARSE\data\tcga_thumbnails\oligo_IDHmt_1p19qdel_G3\included\TCGA-CS-5396-01Z-00-DX1.63f3413b-a950-417a-a49e-9d01efe45c88.jpg
TCGA-HT-7677-01Z-00-DX1.F77F6FA2-116E-417A-9BB8-279FF089A69E,oligo_IDHmt_1p19qdel_G3,high,IDH_mt_1p19q,val,C:\Users\TAbde\PycharmProjects\Glioma-SPARSE\data\tcga_thumbnails\oligo_IDHmt_1p19qdel_G3\included\TCGA-HT-7677-01Z-00-DX1.F77F6FA2-116E-417A-9BB8-279FF089A69E.jpg
TCGA-DB-A64W-01Z-00-DX1.25848BE9-A940-4827-88AA-555527EB81AA,oligo_IDHmt_1p19qdel_G3,high,IDH_mt_1p19q,val,C:\Users\TAbde\PycharmProjects\Glioma-SPARSE\data\tcga_thumbnails\oligo_IDHmt_1p19qdel_G3\included\TCGA-DB-A64W-01Z-00-DX1.25848BE9-A940-4827-88AA-555527EB81AA.jpg
TCGA-HT-7468-01Z-00-DX1.9141B9CC-C84D-4226-984C-1DD9E98E4A8D,oligo_IDHmt_1p19qdel_G3,high,IDH_mt_1p19q,val,C:\Users\TAbde\PycharmProjects\Glioma-SPARSE\data\tcga_thumbnails\oligo_IDHmt_1p19qdel_G3\included\TCGA-HT-7468-01Z-00-DX1.9141B9CC-C84D-4226-984C-1DD9E98E4A8D.jpg
TCGA-HT-7694-01Z-00-DX1.77DBCFB4-FC72-4875-AD95-53350F4A10E7,oligo_IDHmt_1p19qdel_G3,high,IDH_mt_1p19q,val,C:\Users\TAbde\PycharmProjects\Glioma-SPARSE\data\tcga_thumbnails\oligo_IDHmt_1p19qdel_G3\included\TCGA-HT-7694-01Z-00-DX1.77DBCFB4-FC72-4875-AD95-53350F4A10E7.jpg
TCGA-HT-7620-01Z-00-DX1.109AADE8-D0F0-4D60-86C6-2B7C9377C0AE,oligo_IDHmt_1p19qdel_G3,high,IDH_mt_1p19q,test,C:\Users\TAbde\PycharmProjects\Glioma-SPARSE\data\tcga_thumbnails\oligo_IDHmt_1p19qdel_G3\included\TCGA-HT-7620-01Z-00-DX1.109AADE8-D0F0-4D60-86C6-2B7C9377C0AE.jpg
TCGA-DB-5274-01Z-00-DX1.28F042EC-7A2E-4AEC-B67A-EF1684BC1361,oligo_IDHmt_1p19qdel_G3,high,IDH_mt_1p19q,test,C:\Users\TAbde\PycharmProjects\Glioma-SPARSE\data\tcga_thumbnails\oligo_IDHmt_1p19qdel_G3\included\TCGA-DB-5274-01Z-00-DX1.28F042EC-7A2E-4AEC-B67A-EF1684BC1361.jpg
TCGA-DU-6394-01Z-00-DX1.2d96d992-3950-4350-abe0-e219559a7c7a,oligo_IDHmt_1p19qdel_G3,high,IDH_mt_1p19q,test,C:\Users\TAbde\PycharmProjects\Glioma-SPARSE\data\tcga_thumbnails\oligo_IDHmt_1p19qdel_G3\included\TCGA-DU-6394-01Z-00-DX1.2d96d992-3950-4350-abe0-e219559a7c7a.jpg
TCGA-DH-5141-01Z-00-DX1.26FDB9A2-CCA7-4B0C-9743-3C4E140B31D7,oligo_IDHmt_1p19qdel_G3,high,IDH_mt_1p19q,test,C:\Users\TAbde\PycharmProjects\Glioma-SPARSE\data\tcga_thumbnails\oligo_IDHmt_1p19qdel_G3\included\TCGA-DH-5141-01Z-00-DX1.26FDB9A2-CCA7-4B0C-9743-3C4E140B31D7.jpg
TCGA-S9-A6TX-01Z-00-DX1.014EF743-329E-441F-8FB3-46DB2F2D23F1,oligo_IDHmt_1p19qdel_G3,high,IDH_mt_1p19q,test,C:\Users\TAbde\PycharmProjects\Glioma-SPARSE\data\tcga_thumbnails\oligo_IDHmt_1p19qdel_G3\included\TCGA-S9-A6TX-01Z-00-DX1.014EF743-329E-441F-8FB3-46DB2F2D23F1.jpg
