path,split
C:\Users\TAbde\PycharmProjects\Glioma-SPARSE\data\included\control\8624295a-7775-11eb-84be-001a7dda7111.jpg,train
C:\Users\TAbde\PycharmProjects\Glioma-SPARSE\data\included\control\8624294a-7775-11eb-9456-001a7dda7111.jpg,train
C:\Users\TAbde\PycharmProjects\Glioma-SPARSE\data\included\control\8624295f-7775-11eb-8408-001a7dda7111.jpg,train
C:\Users\TAbde\PycharmProjects\Glioma-SPARSE\data\included\control\86242960-7775-11eb-876d-001a7dda7111.jpg,train
C:\Users\TAbde\PycharmProjects\Glioma-SPARSE\data\included\control\86242967-7775-11eb-bd0f-001a7dda7111.jpg,train
C:\Users\TAbde\PycharmProjects\Glioma-SPARSE\data\included\control\86242943-7775-11eb-827d-001a7dda7111.jpg,train
C:\Users\TAbde\PycharmProjects\Glioma-SPARSE\data\included\control\8624294b-7775-11eb-9549-001a7dda7111.jpg,train
C:\Users\TAbde\PycharmProjects\Glioma-SPARSE\data\included\control\86242952-7775-11eb-b73e-001a7dda7111.jpg,train
C:\Users\TAbde\PycharmProjects\Glioma-SPARSE\data\included\control\8624295e-7775-11eb-bb1b-001a7dda7111.jpg,train
C:\Users\TAbde\PycharmProjects\Glioma-SPARSE\data\included\control\86242969-7775-11eb-afc0-001a7dda7111.jpg,train
C:\Users\TAbde\PycharmProjects\Glioma-SPARSE\data\included\control\86242948-7775-11eb-9cef-001a7dda7111.jpg,train
C:\Users\TAbde\PycharmProjects\Glioma-SPARSE\data\included\control\8624294c-7775-11eb-8b5b-001a7dda7111.jpg,train
C:\Users\TAbde\PycharmProjects\Glioma-SPARSE\data\included\control\8624293f-7775-11eb-bc24-001a7dda7111.jpg,train
C:\Users\TAbde\PycharmProjects\Glioma-SPARSE\data\included\control\86242961-7775-11eb-9f0f-001a7dda7111.jpg,train
C:\Users\TAbde\PycharmProjects\Glioma-SPARSE\data\included\control\86242956-7775-11eb-ab92-001a7dda7111.jpg,train
C:\Users\TAbde\PycharmProjects\Glioma-SPARSE\data\included\control\86242958-7775-11eb-a1cc-001a7dda7111.jpg,train
C:\Users\TAbde\PycharmProjects\Glioma-SPARSE\data\included\control\8624293e-7775-11eb-994f-001a7dda7111.jpg,train
C:\Users\TAbde\PycharmProjects\Glioma-SPARSE\data\included\control\86242940-7775-11eb-860d-001a7dda7111.jpg,train
C:\Users\TAbde\PycharmProjects\Glioma-SPARSE\data\included\control\86242944-7775-11eb-8dac-001a7dda7111.jpg,train
C:\Users\TAbde\PycharmProjects\Glioma-SPARSE\data\included\control\86242954-7775-11eb-a350-001a7dda7111.jpg,train
C:\Users\TAbde\PycharmProjects\Glioma-SPARSE\data\included\control\8624293d-7775-11eb-b30b-001a7dda7111.jpg,train
C:\Users\TAbde\PycharmProjects\Glioma-SPARSE\data\included\control\86242965-7775-11eb-a233-001a7dda7111.jpg,train
C:\Users\TAbde\PycharmProjects\Glioma-SPARSE\data\included\control\86242968-7775-11eb-8ad3-001a7dda7111.jpg,train
C:\Users\TAbde\PycharmProjects\Glioma-SPARSE\data\included\control\86242950-7775-11eb-85f4-001a7dda7111.jpg,train
C:\Users\TAbde\PycharmProjects\Glioma-SPARSE\data\included\control\86242959-7775-11eb-ae04-001a7dda7111.jpg,train
C:\Users\TAbde\PycharmProjects\Glioma-SPARSE\data\included\control\86242964-7775-11eb-9b41-001a7dda7111.jpg,train
C:\Users\TAbde\PycharmProjects\Glioma-SPARSE\data\included\control\86242957-7775-11eb-97da-001a7dda7111.jpg,train
C:\Users\TAbde\PycharmProjects\Glioma-SPARSE\data\included\control\86242962-7775-11eb-8112-001a7dda7111.jpg,train
C:\Users\TAbde\PycharmProjects\Glioma-SPARSE\data\included\control\86242947-7775-11eb-840e-001a7dda7111.jpg,train
C:\Users\TAbde\PycharmProjects\Glioma-SPARSE\data\included\control\8624294f-7775-11eb-a9a0-001a7dda7111.jpg,train
C:\Users\TAbde\PycharmProjects\Glioma-SPARSE\data\included\control\86242951-7775-11eb-99fe-001a7dda7111.jpg,train
C:\Users\TAbde\PycharmProjects\Glioma-SPARSE\data\included\control\8624294e-7775-11eb-bf5e-001a7dda7111.jpg,train
C:\Users\TAbde\PycharmProjects\Glioma-SPARSE\data\included\control\8624295b-7775-11eb-ab08-001a7dda7111.jpg,train
C:\Users\TAbde\PycharmProjects\Glioma-SPARSE\data\included\control\86242945-7775-11eb-aaef-001a7dda7111.jpg,train
C:\Users\TAbde\PycharmProjects\Glioma-SPARSE\data\included\control\86242941-7775-11eb-81e3-001a7dda7111.jpg,train
C:\Users\TAbde\PycharmProjects\Glioma-SPARSE\data\included\control\8624293b-7775-11eb-9a27-001a7dda7111.jpg,train
C:\Users\TAbde\PycharmProjects\Glioma-SPARSE\data\included\control\86242966-7775-11eb-a613-001a7dda7111.jpg,train
C:\Users\TAbde\PycharmProjects\Glioma-SPARSE\data\included\low_grade\a195e1ef-357f-11eb-b7e2-001a7dda7111.jpg,train
C:\Users\TAbde\PycharmProjects\Glioma-SPARSE\data\included\low_grade\a196a5b5-357f-11eb-967b-001a7dda7111.jpg,train
C:\Users\TAbde\PycharmProjects\Glioma-SPARSE\data\included\low_grade\a1982c85-357f-11eb-8ce6-001a7dda7111.jpg,train
C:\Users\TAbde\PycharmProjects\Glioma-SPARSE\data\included\low_grade\a1963036-357f-11eb-baa0-001a7dda7111.jpg,train
C:\Users\TAbde\PycharmProjects\Glioma-SPARSE\data\included\low_grade\a19804ca-357f-11eb-9a8b-001a7dda7111.jpg,train
C:\Users\TAbde\PycharmProjects\Glioma-SPARSE\data\included\low_grade\a197b6a7-357f-11eb-bd07-001a7dda7111.jpg,train
C:\Users\TAbde\PycharmProjects\Glioma-SPARSE\data\included\low_grade\a195e1f0-357f-11eb-bff5-001a7dda7111.jpg,train
C:\Users\TAbde\PycharmProjects\Glioma-SPARSE\data\included\low_grade\a195bac7-357f-11eb-bfc8-001a7dda7111.jpg,train
C:\Users\TAbde\PycharmProjects\Glioma-SPARSE\data\included\low_grade\a1978fe4-357f-11eb-8382-001a7dda7111.jpg,train
C:\Users\TAbde\PycharmProjects\Glioma-SPARSE\data\included\low_grade\a197b6dd-357f-11eb-b491-001a7dda7111.jpg,train
C:\Users\TAbde\PycharmProjects\Glioma-SPARSE\data\included\low_grade\a197b6d5-357f-11eb-b3e0-001a7dda7111.jpg,train
C:\Users\TAbde\PycharmProjects\Glioma-SPARSE\data\included\low_grade\a1978fd3-357f-11eb-9f2d-001a7dda7111.jpg,train
C:\Users\TAbde\PycharmProjects\Glioma-SPARSE\data\included\low_grade\a1976898-357f-11eb-9f53-001a7dda7111.jpg,train
C:\Users\TAbde\PycharmProjects\Glioma-SPARSE\data\included\low_grade\a1980588-357f-11eb-a26d-001a7dda7111.jpg,train
C:\Users\TAbde\PycharmProjects\Glioma-SPARSE\data\included\low_grade\a196f377-357f-11eb-a69b-001a7dda7111.jpg,train
C:\Users\TAbde\PycharmProjects\Glioma-SPARSE\data\included\low_grade\a1963081-357f-11eb-aaf3-001a7dda7111.jpg,train
C:\Users\TAbde\PycharmProjects\Glioma-SPARSE\data\included\low_grade\a1963054-357f-11eb-a849-001a7dda7111.jpg,train
C:\Users\TAbde\PycharmProjects\Glioma-SPARSE\data\included\low_grade\a195e250-357f-11eb-94fc-001a7dda7111.jpg,train
C:\Users\TAbde\PycharmProjects\Glioma-SPARSE\data\included\low_grade\a195e1e1-357f-11eb-92d2-001a7dda7111.jpg,train
C:\Users\TAbde\PycharmProjects\Glioma-SPARSE\data\included\low_grade\a196a540-357f-11eb-aae6-001a7dda7111.jpg,train
C:\Users\TAbde\PycharmProjects\Glioma-SPARSE\data\included\low_grade\a1978fd9-357f-11eb-a380-001a7dda7111.jpg,train
C:\Users\TAbde\PycharmProjects\Glioma-SPARSE\data\included\low_grade\a196a56c-357f-11eb-92db-001a7dda7111.jpg,train
C:\Users\TAbde\PycharmProjects\Glioma-SPARSE\data\included\low_grade\a1982c95-357f-11eb-a2ad-001a7dda7111.jpg,train
C:\Users\TAbde\PycharmProjects\Glioma-SPARSE\data\included\low_grade\a1956d11-357f-11eb-bf6c-001a7dda7111.jpg,train
C:\Users\TAbde\PycharmProjects\Glioma-SPARSE\data\included\low_grade\a197ddb5-357f-11eb-82b4-001a7dda7111.jpg,train
C:\Users\TAbde\PycharmProjects\Glioma-SPARSE\data\included\low_grade\a19768b8-357f-11eb-8018-001a7dda7111.jpg,train
C:\Users\TAbde\PycharmProjects\Glioma-SPARSE\data\included\low_grade\a195e1fd-357f-11eb-9723-001a7dda7111.jpg,train
C:\Users\TAbde\PycharmProjects\Glioma-SPARSE\data\included\low_grade\a1982cc6-357f-11eb-a3b0-001a7dda7111.jpg,train
C:\Users\TAbde\PycharmProjects\Glioma-SPARSE\data\included\low_grade\a1951ea5-357f-11eb-a411-001a7dda7111.jpg,train
C:\Users\TAbde\PycharmProjects\Glioma-SPARSE\data\included\low_grade\a1956ccd-357f-11eb-998b-001a7dda7111.jpg,train
C:\Users\TAbde\PycharmProjects\Glioma-SPARSE\data\included\low_grade\a195bb21-357f-11eb-b912-001a7dda7111.jpg,train
C:\Users\TAbde\PycharmProjects\Glioma-SPARSE\data\included\low_grade\a1978fa7-357f-11eb-8df5-001a7dda7111.jpg,train
C:\Users\TAbde\PycharmProjects\Glioma-SPARSE\data\included\low_grade\a1982beb-357f-11eb-8b71-001a7dda7111.jpg,train
C:\Users\TAbde\PycharmProjects\Glioma-SPARSE\data\included\low_grade\a195940e-357f-11eb-86d1-001a7dda7111.jpg,train
C:\Users\TAbde\PycharmProjects\Glioma-SPARSE\data\included\low_grade\a1982cbc-357f-11eb-a71d-001a7dda7111.jpg,train
C:\Users\TAbde\PycharmProjects\Glioma-SPARSE\data\included\low_grade\a196a537-357f-11eb-8f70-001a7dda7111.jpg,train
C:\Users\TAbde\PycharmProjects\Glioma-SPARSE\data\included\low_grade\a1965740-357f-11eb-a3e4-001a7dda7111.jpg,train
C:\Users\TAbde\PycharmProjects\Glioma-SPARSE\data\included\low_grade\a196cc99-357f-11eb-9b37-001a7dda7111.jpg,train
C:\Users\TAbde\PycharmProjects\Glioma-SPARSE\data\included\low_grade\a19741d2-357f-11eb-9cf2-001a7dda7111.jpg,train
C:\Users\TAbde\PycharmProjects\Glioma-SPARSE\data\included\low_grade\a1982c9e-357f-11eb-9306-001a7dda7111.jpg,train
C:\Users\TAbde\PycharmProjects\Glioma-SPARSE\data\included\low_grade\a195bb31-357f-11eb-b01c-001a7dda7111.jpg,train
C:\Users\TAbde\PycharmProjects\Glioma-SPARSE\data\included\low_grade\a19805b7-357f-11eb-b752-001a7dda7111.jpg,train
C:\Users\TAbde\PycharmProjects\Glioma-SPARSE\data\included\low_grade\a1980590-357f-11eb-b744-001a7dda7111.jpg,train
C:\Users\TAbde\PycharmProjects\Glioma-SPARSE\data\included\low_grade\a195bb4a-357f-11eb-adce-001a7dda7111.jpg,train
C:\Users\TAbde\PycharmProjects\Glioma-SPARSE\data\included\low_grade\a196cc90-357f-11eb-9132-001a7dda7111.jpg,train
C:\Users\TAbde\PycharmProjects\Glioma-SPARSE\data\included\low_grade\a1971aa6-357f-11eb-bf43-001a7dda7111.jpg,train
C:\Users\TAbde\PycharmProjects\Glioma-SPARSE\data\included\low_grade\a194f78d-357f-11eb-a5e4-001a7dda7111.jpg,train
C:\Users\TAbde\PycharmProjects\Glioma-SPARSE\data\included\low_grade\a1982be3-357f-11eb-ac7f-001a7dda7111.jpg,train
C:\Users\TAbde\PycharmProjects\Glioma-SPARSE\data\included\low_grade\a1965751-357f-11eb-909f-001a7dda7111.jpg,train
C:\Users\TAbde\PycharmProjects\Glioma-SPARSE\data\included\low_grade\a19593fa-357f-11eb-bd30-001a7dda7111.jpg,train
C:\Users\TAbde\PycharmProjects\Glioma-SPARSE\data\included\low_grade\a1956d02-357f-11eb-a8b9-001a7dda7111.jpg,train
C:\Users\TAbde\PycharmProjects\Glioma-SPARSE\data\included\low_grade\a1956cbb-357f-11eb-a8a0-001a7dda7111.jpg,train
C:\Users\TAbde\PycharmProjects\Glioma-SPARSE\data\included\low_grade\a19609b5-357f-11eb-8ac5-001a7dda7111.jpg,train
C:\Users\TAbde\PycharmProjects\Glioma-SPARSE\data\included\low_grade\a196572c-357f-11eb-b90a-001a7dda7111.jpg,train
C:\Users\TAbde\PycharmProjects\Glioma-SPARSE\data\included\low_grade\a19741b6-357f-11eb-9e32-001a7dda7111.jpg,train
C:\Users\TAbde\PycharmProjects\Glioma-SPARSE\data\included\low_grade\a197b6da-357f-11eb-b48b-001a7dda7111.jpg,train
C:\Users\TAbde\PycharmProjects\Glioma-SPARSE\data\included\low_grade\a1967e8d-357f-11eb-8c1b-001a7dda7111.jpg,train
C:\Users\TAbde\PycharmProjects\Glioma-SPARSE\data\included\low_grade\a1960910-357f-11eb-93ca-001a7dda7111.jpg,train
C:\Users\TAbde\PycharmProjects\Glioma-SPARSE\data\included\low_grade\a1951ed2-357f-11eb-be71-001a7dda7111.jpg,train
C:\Users\TAbde\PycharmProjects\Glioma-SPARSE\data\included\low_grade\a1978fcf-357f-11eb-95f8-001a7dda7111.jpg,train
C:\Users\TAbde\PycharmProjects\Glioma-SPARSE\data\included\low_grade\a196308a-357f-11eb-87bc-001a7dda7111.jpg,train
C:\Users\TAbde\PycharmProjects\Glioma-SPARSE\data\included\low_grade\a19741b2-357f-11eb-a945-001a7dda7111.jpg,train
C:\Users\TAbde\PycharmProjects\Glioma-SPARSE\data\included\low_grade\a196a5a5-357f-11eb-ac50-001a7dda7111.jpg,train
C:\Users\TAbde\PycharmProjects\Glioma-SPARSE\data\included\low_grade\a19741ef-357f-11eb-8c85-001a7dda7111.jpg,train
C:\Users\TAbde\PycharmProjects\Glioma-SPARSE\data\included\low_grade\a1965798-357f-11eb-bfa0-001a7dda7111.jpg,train
C:\Users\TAbde\PycharmProjects\Glioma-SPARSE\data\included\low_grade\a1967e45-357f-11eb-9294-001a7dda7111.jpg,train
C:\Users\TAbde\PycharmProjects\Glioma-SPARSE\data\included\low_grade\a195bb19-357f-11eb-a220-001a7dda7111.jpg,train
C:\Users\TAbde\PycharmProjects\Glioma-SPARSE\data\included\low_grade\a196a55e-357f-11eb-8adc-001a7dda7111.jpg,train
C:\Users\TAbde\PycharmProjects\Glioma-SPARSE\data\included\low_grade\a195e242-357f-11eb-a382-001a7dda7111.jpg,train
C:\Users\TAbde\PycharmProjects\Glioma-SPARSE\data\included\low_grade\a19657d4-357f-11eb-a96b-001a7dda7111.jpg,train
C:\Users\TAbde\PycharmProjects\Glioma-SPARSE\data\included\low_grade\a196307b-357f-11eb-9a77-001a7dda7111.jpg,train
C:\Users\TAbde\PycharmProjects\Glioma-SPARSE\data\included\low_grade\a197ddbb-357f-11eb-963b-001a7dda7111.jpg,train
C:\Users\TAbde\PycharmProjects\Glioma-SPARSE\data\included\low_grade\a1978fa8-357f-11eb-8966-001a7dda7111.jpg,train
C:\Users\TAbde\PycharmProjects\Glioma-SPARSE\data\included\low_grade\a1982c1f-357f-11eb-a75f-001a7dda7111.jpg,train
C:\Users\TAbde\PycharmProjects\Glioma-SPARSE\data\included\low_grade\a196091c-357f-11eb-9e7d-001a7dda7111.jpg,train
C:\Users\TAbde\PycharmProjects\Glioma-SPARSE\data\included\low_grade\a1951e90-357f-11eb-95e4-001a7dda7111.jpg,train
C:\Users\TAbde\PycharmProjects\Glioma-SPARSE\data\included\low_grade\a195e1db-357f-11eb-82c7-001a7dda7111.jpg,train
C:\Users\TAbde\PycharmProjects\Glioma-SPARSE\data\included\low_grade\a196305c-357f-11eb-b077-001a7dda7111.jpg,train
C:\Users\TAbde\PycharmProjects\Glioma-SPARSE\data\included\low_grade\a1982c74-357f-11eb-b7d8-001a7dda7111.jpg,train
C:\Users\TAbde\PycharmProjects\Glioma-SPARSE\data\included\low_grade\a197b6a8-357f-11eb-84df-001a7dda7111.jpg,train
C:\Users\TAbde\PycharmProjects\Glioma-SPARSE\data\included\low_grade\a19657b6-357f-11eb-8bf0-001a7dda7111.jpg,train
C:\Users\TAbde\PycharmProjects\Glioma-SPARSE\data\included\low_grade\a1982c91-357f-11eb-95f1-001a7dda7111.jpg,train
C:\Users\TAbde\PycharmProjects\Glioma-SPARSE\data\included\low_grade\a1971aa1-357f-11eb-bf49-001a7dda7111.jpg,train
C:\Users\TAbde\PycharmProjects\Glioma-SPARSE\data\included\low_grade\a19609a9-357f-11eb-9002-001a7dda7111.jpg,train
C:\Users\TAbde\PycharmProjects\Glioma-SPARSE\data\included\low_grade\a195e1d3-357f-11eb-86d9-001a7dda7111.jpg,train
C:\Users\TAbde\PycharmProjects\Glioma-SPARSE\data\included\low_grade\a19768d7-357f-11eb-a991-001a7dda7111.jpg,train
C:\Users\TAbde\PycharmProjects\Glioma-SPARSE\data\included\high_grade\a195e220-357f-11eb-88fe-001a7dda7111.jpg,train
C:\Users\TAbde\PycharmProjects\Glioma-SPARSE\data\included\high_grade\a195e249-357f-11eb-acce-001a7dda7111.jpg,train
C:\Users\TAbde\PycharmProjects\Glioma-SPARSE\data\included\high_grade\a19609b9-357f-11eb-ab37-001a7dda7111.jpg,train
C:\Users\TAbde\PycharmProjects\Glioma-SPARSE\data\included\high_grade\a195942f-357f-11eb-93a5-001a7dda7111.jpg,train
C:\Users\TAbde\PycharmProjects\Glioma-SPARSE\data\included\high_grade\a1967e72-357f-11eb-bac8-001a7dda7111.jpg,train
C:\Users\TAbde\PycharmProjects\Glioma-SPARSE\data\included\high_grade\a19593e2-357f-11eb-a6ac-001a7dda7111.jpg,train
C:\Users\TAbde\PycharmProjects\Glioma-SPARSE\data\included\high_grade\a1980557-357f-11eb-9c85-001a7dda7111.jpg,train
C:\Users\TAbde\PycharmProjects\Glioma-SPARSE\data\included\high_grade\a19545c6-357f-11eb-8fa3-001a7dda7111.jpg,train
C:\Users\TAbde\PycharmProjects\Glioma-SPARSE\data\included\high_grade\a196300c-357f-11eb-9960-001a7dda7111.jpg,train
C:\Users\TAbde\PycharmProjects\Glioma-SPARSE\data\included\high_grade\a1965745-357f-11eb-aeae-001a7dda7111.jpg,train
C:\Users\TAbde\PycharmProjects\Glioma-SPARSE\data\included\high_grade\a19593ec-357f-11eb-8adf-001a7dda7111.jpg,train
C:\Users\TAbde\PycharmProjects\Glioma-SPARSE\data\included\high_grade\a197de14-357f-11eb-ba4d-001a7dda7111.jpg,train
C:\Users\TAbde\PycharmProjects\Glioma-SPARSE\data\included\high_grade\a1951eb2-357f-11eb-88a6-001a7dda7111.jpg,train
C:\Users\TAbde\PycharmProjects\Glioma-SPARSE\data\included\high_grade\a1951f10-357f-11eb-87e9-001a7dda7111.jpg,train
C:\Users\TAbde\PycharmProjects\Glioma-SPARSE\data\included\high_grade\a196306a-357f-11eb-91a9-001a7dda7111.jpg,train
C:\Users\TAbde\PycharmProjects\Glioma-SPARSE\data\included\high_grade\a195e255-357f-11eb-aed1-001a7dda7111.jpg,train
C:\Users\TAbde\PycharmProjects\Glioma-SPARSE\data\included\high_grade\a195459f-357f-11eb-8313-001a7dda7111.jpg,train
C:\Users\TAbde\PycharmProjects\Glioma-SPARSE\data\included\high_grade\a195e26e-357f-11eb-a442-001a7dda7111.jpg,train
C:\Users\TAbde\PycharmProjects\Glioma-SPARSE\data\included\high_grade\a19768cd-357f-11eb-9458-001a7dda7111.jpg,train
C:\Users\TAbde\PycharmProjects\Glioma-SPARSE\data\included\high_grade\a1951eb5-357f-11eb-98dd-001a7dda7111.jpg,train
C:\Users\TAbde\PycharmProjects\Glioma-SPARSE\data\included\high_grade\a1951ede-357f-11eb-9766-001a7dda7111.jpg,train
C:\Users\TAbde\PycharmProjects\Glioma-SPARSE\data\included\high_grade\a1965771-357f-11eb-821a-001a7dda7111.jpg,train
C:\Users\TAbde\PycharmProjects\Glioma-SPARSE\data\included\high_grade\a1960998-357f-11eb-9566-001a7dda7111.jpg,train
C:\Users\TAbde\PycharmProjects\Glioma-SPARSE\data\included\high_grade\a1967e41-357f-11eb-b7a5-001a7dda7111.jpg,train
C:\Users\TAbde\PycharmProjects\Glioma-SPARSE\data\included\high_grade\a196576b-357f-11eb-b10e-001a7dda7111.jpg,train
C:\Users\TAbde\PycharmProjects\Glioma-SPARSE\data\included\high_grade\a1956cf6-357f-11eb-a19e-001a7dda7111.jpg,train
C:\Users\TAbde\PycharmProjects\Glioma-SPARSE\data\included\high_grade\a195e207-357f-11eb-8fb6-001a7dda7111.jpg,train
C:\Users\TAbde\PycharmProjects\Glioma-SPARSE\data\included\high_grade\a1959422-357f-11eb-b8d5-001a7dda7111.jpg,train
C:\Users\TAbde\PycharmProjects\Glioma-SPARSE\data\included\high_grade\a19768be-357f-11eb-9ddd-001a7dda7111.jpg,train
C:\Users\TAbde\PycharmProjects\Glioma-SPARSE\data\included\high_grade\a1965797-357f-11eb-bdba-001a7dda7111.jpg,train
C:\Users\TAbde\PycharmProjects\Glioma-SPARSE\data\included\high_grade\a196095b-357f-11eb-8039-001a7dda7111.jpg,train
C:\Users\TAbde\PycharmProjects\Glioma-SPARSE\data\included\high_grade\a1967e70-357f-11eb-a1fe-001a7dda7111.jpg,train
C:\Users\TAbde\PycharmProjects\Glioma-SPARSE\data\included\high_grade\a196095a-357f-11eb-bf18-001a7dda7111.jpg,train
C:\Users\TAbde\PycharmProjects\Glioma-SPARSE\data\included\high_grade\a19593e1-357f-11eb-ad0e-001a7dda7111.jpg,train
C:\Users\TAbde\PycharmProjects\Glioma-SPARSE\data\included\high_grade\a196f396-357f-11eb-92a6-001a7dda7111.jpg,train
C:\Users\TAbde\PycharmProjects\Glioma-SPARSE\data\included\high_grade\a19545f8-357f-11eb-be6f-001a7dda7111.jpg,train
C:\Users\TAbde\PycharmProjects\Glioma-SPARSE\data\included\high_grade\a1967e83-357f-11eb-81f1-001a7dda7111.jpg,train
C:\Users\TAbde\PycharmProjects\Glioma-SPARSE\data\included\high_grade\a19657c4-357f-11eb-93f3-001a7dda7111.jpg,train
C:\Users\TAbde\PycharmProjects\Glioma-SPARSE\data\included\high_grade\a19657c7-357f-11eb-8073-001a7dda7111.jpg,train
C:\Users\TAbde\PycharmProjects\Glioma-SPARSE\data\included\high_grade\a196578a-357f-11eb-bcaa-001a7dda7111.jpg,train
C:\Users\TAbde\PycharmProjects\Glioma-SPARSE\data\included\high_grade\a1967e51-357f-11eb-936f-001a7dda7111.jpg,train
C:\Users\TAbde\PycharmProjects\Glioma-SPARSE\data\included\high_grade\a19609c7-357f-11eb-be55-001a7dda7111.jpg,train
C:\Users\TAbde\PycharmProjects\Glioma-SPARSE\data\included\high_grade\a196f39a-357f-11eb-adb3-001a7dda7111.jpg,train
C:\Users\TAbde\PycharmProjects\Glioma-SPARSE\data\included\high_grade\a196a593-357f-11eb-9015-001a7dda7111.jpg,train
C:\Users\TAbde\PycharmProjects\Glioma-SPARSE\data\included\high_grade\a19545b1-357f-11eb-a00c-001a7dda7111.jpg,train
C:\Users\TAbde\PycharmProjects\Glioma-SPARSE\data\included\high_grade\a1980548-357f-11eb-9500-001a7dda7111.jpg,train
C:\Users\TAbde\PycharmProjects\Glioma-SPARSE\data\included\high_grade\a1956cac-357f-11eb-aee6-001a7dda7111.jpg,train
C:\Users\TAbde\PycharmProjects\Glioma-SPARSE\data\included\high_grade\a19593bf-357f-11eb-96fe-001a7dda7111.jpg,train
C:\Users\TAbde\PycharmProjects\Glioma-SPARSE\data\included\high_grade\a19593ce-357f-11eb-b8ef-001a7dda7111.jpg,train
C:\Users\TAbde\PycharmProjects\Glioma-SPARSE\data\included\high_grade\a19609bb-357f-11eb-a131-001a7dda7111.jpg,train
C:\Users\TAbde\PycharmProjects\Glioma-SPARSE\data\included\high_grade\a195e1f5-357f-11eb-815e-001a7dda7111.jpg,train
C:\Users\TAbde\PycharmProjects\Glioma-SPARSE\data\included\high_grade\a1967e5a-357f-11eb-95d9-001a7dda7111.jpg,train
C:\Users\TAbde\PycharmProjects\Glioma-SPARSE\data\included\high_grade\a1956d15-357f-11eb-af96-001a7dda7111.jpg,train
C:\Users\TAbde\PycharmProjects\Glioma-SPARSE\data\included\high_grade\a195bb11-357f-11eb-b4f1-001a7dda7111.jpg,train
C:\Users\TAbde\PycharmProjects\Glioma-SPARSE\data\included\high_grade\a1951e95-357f-11eb-bfa9-001a7dda7111.jpg,train
C:\Users\TAbde\PycharmProjects\Glioma-SPARSE\data\included\high_grade\a19656fb-357f-11eb-885d-001a7dda7111.jpg,train
C:\Users\TAbde\PycharmProjects\Glioma-SPARSE\data\included\high_grade\a19545fc-357f-11eb-babc-001a7dda7111.jpg,train
C:\Users\TAbde\PycharmProjects\Glioma-SPARSE\data\included\high_grade\a1956cf3-357f-11eb-b68f-001a7dda7111.jpg,train
C:\Users\TAbde\PycharmProjects\Glioma-SPARSE\data\included\high_grade\a19593c2-357f-11eb-b9c0-001a7dda7111.jpg,train
C:\Users\TAbde\PycharmProjects\Glioma-SPARSE\data\included\high_grade\a1963071-357f-11eb-a209-001a7dda7111.jpg,train
C:\Users\TAbde\PycharmProjects\Glioma-SPARSE\data\included\high_grade\a19545ae-357f-11eb-8960-001a7dda7111.jpg,train
C:\Users\TAbde\PycharmProjects\Glioma-SPARSE\data\included\high_grade\a195e256-357f-11eb-87f2-001a7dda7111.jpg,train
C:\Users\TAbde\PycharmProjects\Glioma-SPARSE\data\included\high_grade\a195e214-357f-11eb-b09c-001a7dda7111.jpg,train
C:\Users\TAbde\PycharmProjects\Glioma-SPARSE\data\included\high_grade\a195baf5-357f-11eb-9e7a-001a7dda7111.jpg,train
C:\Users\TAbde\PycharmProjects\Glioma-SPARSE\data\included\high_grade\a19593fd-357f-11eb-98f7-001a7dda7111.jpg,train
C:\Users\TAbde\PycharmProjects\Glioma-SPARSE\data\included\high_grade\a196a557-357f-11eb-b142-001a7dda7111.jpg,train
C:\Users\TAbde\PycharmProjects\Glioma-SPARSE\data\included\high_grade\a1960967-357f-11eb-836b-001a7dda7111.jpg,train
C:\Users\TAbde\PycharmProjects\Glioma-SPARSE\data\included\high_grade\a196a5a4-357f-11eb-8c79-001a7dda7111.jpg,train
C:\Users\TAbde\PycharmProjects\Glioma-SPARSE\data\included\high_grade\a1951ec6-357f-11eb-8633-001a7dda7111.jpg,train
C:\Users\TAbde\PycharmProjects\Glioma-SPARSE\data\included\high_grade\a1960962-357f-11eb-a72f-001a7dda7111.jpg,train
C:\Users\TAbde\PycharmProjects\Glioma-SPARSE\data\included\high_grade\a19805ac-357f-11eb-a8ce-001a7dda7111.jpg,train
C:\Users\TAbde\PycharmProjects\Glioma-SPARSE\data\included\high_grade\a1963064-357f-11eb-bc18-001a7dda7111.jpg,train
C:\Users\TAbde\PycharmProjects\Glioma-SPARSE\data\included\high_grade\a196091a-357f-11eb-ad55-001a7dda7111.jpg,train
C:\Users\TAbde\PycharmProjects\Glioma-SPARSE\data\included\high_grade\a195bae0-357f-11eb-b35c-001a7dda7111.jpg,train
C:\Users\TAbde\PycharmProjects\Glioma-SPARSE\data\included\high_grade\a195e1df-357f-11eb-a578-001a7dda7111.jpg,train
C:\Users\TAbde\PycharmProjects\Glioma-SPARSE\data\included\high_grade\a195bb52-357f-11eb-93f8-001a7dda7111.jpg,train
C:\Users\TAbde\PycharmProjects\Glioma-SPARSE\data\included\high_grade\a1963020-357f-11eb-b911-001a7dda7111.jpg,train
C:\Users\TAbde\PycharmProjects\Glioma-SPARSE\data\included\high_grade\a196a54c-357f-11eb-b284-001a7dda7111.jpg,train
C:\Users\TAbde\PycharmProjects\Glioma-SPARSE\data\included\high_grade\a1978f87-357f-11eb-a068-001a7dda7111.jpg,train
C:\Users\TAbde\PycharmProjects\Glioma-SPARSE\data\included\high_grade\a1960931-357f-11eb-abad-001a7dda7111.jpg,train
C:\Users\TAbde\PycharmProjects\Glioma-SPARSE\data\included\high_grade\a195e1f8-357f-11eb-b29e-001a7dda7111.jpg,train
C:\Users\TAbde\PycharmProjects\Glioma-SPARSE\data\included\high_grade\a1967e6b-357f-11eb-9864-001a7dda7111.jpg,train
C:\Users\TAbde\PycharmProjects\Glioma-SPARSE\data\included\high_grade\a196095f-357f-11eb-a830-001a7dda7111.jpg,train
C:\Users\TAbde\PycharmProjects\Glioma-SPARSE\data\included\high_grade\a197b710-357f-11eb-92df-001a7dda7111.jpg,train
C:\Users\TAbde\PycharmProjects\Glioma-SPARSE\data\included\high_grade\a1951ed4-357f-11eb-b88a-001a7dda7111.jpg,train
C:\Users\TAbde\PycharmProjects\Glioma-SPARSE\data\included\high_grade\a1982c2c-357f-11eb-9c80-001a7dda7111.jpg,train
C:\Users\TAbde\PycharmProjects\Glioma-SPARSE\data\included\high_grade\a1956cb9-357f-11eb-9c2a-001a7dda7111.jpg,train
C:\Users\TAbde\PycharmProjects\Glioma-SPARSE\data\included\high_grade\a1951eaa-357f-11eb-8086-001a7dda7111.jpg,train
C:\Users\TAbde\PycharmProjects\Glioma-SPARSE\data\included\high_grade\a1967e8a-357f-11eb-a4e6-001a7dda7111.jpg,train
C:\Users\TAbde\PycharmProjects\Glioma-SPARSE\data\included\high_grade\a195e235-357f-11eb-8350-001a7dda7111.jpg,train
C:\Users\TAbde\PycharmProjects\Glioma-SPARSE\data\included\high_grade\a19593ee-357f-11eb-a1ac-001a7dda7111.jpg,train
C:\Users\TAbde\PycharmProjects\Glioma-SPARSE\data\included\high_grade\a1962ff0-357f-11eb-8aff-001a7dda7111.jpg,train
C:\Users\TAbde\PycharmProjects\Glioma-SPARSE\data\included\high_grade\a1951ea2-357f-11eb-ba28-001a7dda7111.jpg,train
C:\Users\TAbde\PycharmProjects\Glioma-SPARSE\data\included\high_grade\a1963013-357f-11eb-8c98-001a7dda7111.jpg,train
C:\Users\TAbde\PycharmProjects\Glioma-SPARSE\data\included\high_grade\a1965768-357f-11eb-903c-001a7dda7111.jpg,train
C:\Users\TAbde\PycharmProjects\Glioma-SPARSE\data\included\high_grade\a196a588-357f-11eb-b2ff-001a7dda7111.jpg,train
C:\Users\TAbde\PycharmProjects\Glioma-SPARSE\data\included\high_grade\a19608fd-357f-11eb-8d12-001a7dda7111.jpg,train
C:\Users\TAbde\PycharmProjects\Glioma-SPARSE\data\included\high_grade\a195e265-357f-11eb-a245-001a7dda7111.jpg,train
C:\Users\TAbde\PycharmProjects\Glioma-SPARSE\data\included\high_grade\a1963008-357f-11eb-9e5e-001a7dda7111.jpg,train
C:\Users\TAbde\PycharmProjects\Glioma-SPARSE\data\included\high_grade\a197b6f5-357f-11eb-85e9-001a7dda7111.jpg,train
C:\Users\TAbde\PycharmProjects\Glioma-SPARSE\data\included\high_grade\a19609b7-357f-11eb-b0be-001a7dda7111.jpg,train
C:\Users\TAbde\PycharmProjects\Glioma-SPARSE\data\included\high_grade\a197dde2-357f-11eb-aa67-001a7dda7111.jpg,train
C:\Users\TAbde\PycharmProjects\Glioma-SPARSE\data\included\high_grade\a1951f26-357f-11eb-869e-001a7dda7111.jpg,train
C:\Users\TAbde\PycharmProjects\Glioma-SPARSE\data\included\high_grade\a196a59d-357f-11eb-9582-001a7dda7111.jpg,train
C:\Users\TAbde\PycharmProjects\Glioma-SPARSE\data\included\high_grade\a1951e9d-357f-11eb-a743-001a7dda7111.jpg,train
C:\Users\TAbde\PycharmProjects\Glioma-SPARSE\data\included\high_grade\a195bae3-357f-11eb-b1e7-001a7dda7111.jpg,train
C:\Users\TAbde\PycharmProjects\Glioma-SPARSE\data\included\high_grade\a1965752-357f-11eb-91da-001a7dda7111.jpg,train
C:\Users\TAbde\PycharmProjects\Glioma-SPARSE\data\included\high_grade\a1960933-357f-11eb-9059-001a7dda7111.jpg,train
C:\Users\TAbde\PycharmProjects\Glioma-SPARSE\data\included\high_grade\a1965760-357f-11eb-932f-001a7dda7111.jpg,train
C:\Users\TAbde\PycharmProjects\Glioma-SPARSE\data\included\high_grade\a196f36f-357f-11eb-a625-001a7dda7111.jpg,train
C:\Users\TAbde\PycharmProjects\Glioma-SPARSE\data\included\high_grade\a1982c65-357f-11eb-8043-001a7dda7111.jpg,train
C:\Users\TAbde\PycharmProjects\Glioma-SPARSE\data\included\high_grade\a19804b4-357f-11eb-90dd-001a7dda7111.jpg,train
C:\Users\TAbde\PycharmProjects\Glioma-SPARSE\data\included\high_grade\a195e1f1-357f-11eb-8f80-001a7dda7111.jpg,train
C:\Users\TAbde\PycharmProjects\Glioma-SPARSE\data\included\high_grade\a195bb35-357f-11eb-8ea2-001a7dda7111.jpg,train
C:\Users\TAbde\PycharmProjects\Glioma-SPARSE\data\included\high_grade\a196302e-357f-11eb-8d1e-001a7dda7111.jpg,train
C:\Users\TAbde\PycharmProjects\Glioma-SPARSE\data\included\high_grade\a195bb4d-357f-11eb-907d-001a7dda7111.jpg,train
C:\Users\TAbde\PycharmProjects\Glioma-SPARSE\data\included\high_grade\a196a560-357f-11eb-aa24-001a7dda7111.jpg,train
C:\Users\TAbde\PycharmProjects\Glioma-SPARSE\data\included\high_grade\a19545b0-357f-11eb-a234-001a7dda7111.jpg,train
C:\Users\TAbde\PycharmProjects\Glioma-SPARSE\data\included\high_grade\a197de29-357f-11eb-bdae-001a7dda7111.jpg,train
C:\Users\TAbde\PycharmProjects\Glioma-SPARSE\data\included\high_grade\a195e218-357f-11eb-907e-001a7dda7111.jpg,train
C:\Users\TAbde\PycharmProjects\Glioma-SPARSE\data\included\high_grade\a1951f27-357f-11eb-9a65-001a7dda7111.jpg,train
C:\Users\TAbde\PycharmProjects\Glioma-SPARSE\data\included\high_grade\a194f796-357f-11eb-b46b-001a7dda7111.jpg,train
C:\Users\TAbde\PycharmProjects\Glioma-SPARSE\data\included\high_grade\a1963063-357f-11eb-9d67-001a7dda7111.jpg,train
C:\Users\TAbde\PycharmProjects\Glioma-SPARSE\data\included\high_grade\a1982c51-357f-11eb-a788-001a7dda7111.jpg,train
C:\Users\TAbde\PycharmProjects\Glioma-SPARSE\data\included\high_grade\a195e226-357f-11eb-815b-001a7dda7111.jpg,train
C:\Users\TAbde\PycharmProjects\Glioma-SPARSE\data\included\high_grade\a1965782-357f-11eb-8f87-001a7dda7111.jpg,train
C:\Users\TAbde\PycharmProjects\Glioma-SPARSE\data\included\high_grade\a194f783-357f-11eb-9ee2-001a7dda7111.jpg,train
C:\Users\TAbde\PycharmProjects\Glioma-SPARSE\data\included\high_grade\a1967e4a-357f-11eb-a17c-001a7dda7111.jpg,train
C:\Users\TAbde\PycharmProjects\Glioma-SPARSE\data\included\high_grade\a195e26c-357f-11eb-95a8-001a7dda7111.jpg,train
C:\Users\TAbde\PycharmProjects\Glioma-SPARSE\data\included\high_grade\a19656f7-357f-11eb-994c-001a7dda7111.jpg,train
C:\Users\TAbde\PycharmProjects\Glioma-SPARSE\data\included\high_grade\a1965749-357f-11eb-801a-001a7dda7111.jpg,train
C:\Users\TAbde\PycharmProjects\Glioma-SPARSE\data\included\high_grade\a19657a3-357f-11eb-af30-001a7dda7111.jpg,train
C:\Users\TAbde\PycharmProjects\Glioma-SPARSE\data\included\high_grade\a19656f8-357f-11eb-85f7-001a7dda7111.jpg,train
C:\Users\TAbde\PycharmProjects\Glioma-SPARSE\data\included\high_grade\a195e259-357f-11eb-ba43-001a7dda7111.jpg,train
C:\Users\TAbde\PycharmProjects\Glioma-SPARSE\data\included\high_grade\a1982c61-357f-11eb-b540-001a7dda7111.jpg,train
C:\Users\TAbde\PycharmProjects\Glioma-SPARSE\data\included\high_grade\a195e202-357f-11eb-b1aa-001a7dda7111.jpg,train
C:\Users\TAbde\PycharmProjects\Glioma-SPARSE\data\included\high_grade\a1951eb1-357f-11eb-815d-001a7dda7111.jpg,train
C:\Users\TAbde\PycharmProjects\Glioma-SPARSE\data\included\high_grade\a195e1cf-357f-11eb-a906-001a7dda7111.jpg,train
C:\Users\TAbde\PycharmProjects\Glioma-SPARSE\data\included\high_grade\a1982c1e-357f-11eb-b208-001a7dda7111.jpg,train
C:\Users\TAbde\PycharmProjects\Glioma-SPARSE\data\included\high_grade\a1965781-357f-11eb-8a50-001a7dda7111.jpg,train
C:\Users\TAbde\PycharmProjects\Glioma-SPARSE\data\included\high_grade\a19593df-357f-11eb-86a4-001a7dda7111.jpg,train
C:\Users\TAbde\PycharmProjects\Glioma-SPARSE\data\included\high_grade\a1959419-357f-11eb-b848-001a7dda7111.jpg,train
C:\Users\TAbde\PycharmProjects\Glioma-SPARSE\data\included\high_grade\a196573e-357f-11eb-adf2-001a7dda7111.jpg,train
C:\Users\TAbde\PycharmProjects\Glioma-SPARSE\data\included\high_grade\a196578b-357f-11eb-a121-001a7dda7111.jpg,train
C:\Users\TAbde\PycharmProjects\Glioma-SPARSE\data\included\high_grade\a197de0c-357f-11eb-a2b8-001a7dda7111.jpg,train
C:\Users\TAbde\PycharmProjects\Glioma-SPARSE\data\included\high_grade\a19608fe-357f-11eb-ab16-001a7dda7111.jpg,train
C:\Users\TAbde\PycharmProjects\Glioma-SPARSE\data\included\high_grade\a196092c-357f-11eb-b412-001a7dda7111.jpg,train
C:\Users\TAbde\PycharmProjects\Glioma-SPARSE\data\included\high_grade\a19656f6-357f-11eb-968c-001a7dda7111.jpg,train
C:\Users\TAbde\PycharmProjects\Glioma-SPARSE\data\included\high_grade\a197ddd8-357f-11eb-b969-001a7dda7111.jpg,train
C:\Users\TAbde\PycharmProjects\Glioma-SPARSE\data\included\high_grade\a195e272-357f-11eb-9885-001a7dda7111.jpg,train
C:\Users\TAbde\PycharmProjects\Glioma-SPARSE\data\included\high_grade\a197b6d4-357f-11eb-8e4d-001a7dda7111.jpg,train
C:\Users\TAbde\PycharmProjects\Glioma-SPARSE\data\included\high_grade\a19657b9-357f-11eb-9fbf-001a7dda7111.jpg,train
C:\Users\TAbde\PycharmProjects\Glioma-SPARSE\data\included\high_grade\a196301b-357f-11eb-a1b2-001a7dda7111.jpg,train
C:\Users\TAbde\PycharmProjects\Glioma-SPARSE\data\included\high_grade\a1960911-357f-11eb-880f-001a7dda7111.jpg,train
C:\Users\TAbde\PycharmProjects\Glioma-SPARSE\data\included\high_grade\a1982c0a-357f-11eb-bff8-001a7dda7111.jpg,train
C:\Users\TAbde\PycharmProjects\Glioma-SPARSE\data\included\high_grade\a19608e8-357f-11eb-ac12-001a7dda7111.jpg,train
C:\Users\TAbde\PycharmProjects\Glioma-SPARSE\data\included\high_grade\a195bad3-357f-11eb-9b59-001a7dda7111.jpg,train
C:\Users\TAbde\PycharmProjects\Glioma-SPARSE\data\included\high_grade\a1956cf0-357f-11eb-ad40-001a7dda7111.jpg,train
C:\Users\TAbde\PycharmProjects\Glioma-SPARSE\data\included\high_grade\a196091b-357f-11eb-ad04-001a7dda7111.jpg,train
C:\Users\TAbde\PycharmProjects\Glioma-SPARSE\data\included\high_grade\a196f3b3-357f-11eb-8493-001a7dda7111.jpg,train
C:\Users\TAbde\PycharmProjects\Glioma-SPARSE\data\included\high_grade\a1965786-357f-11eb-9e26-001a7dda7111.jpg,train
C:\Users\TAbde\PycharmProjects\Glioma-SPARSE\data\included\high_grade\a196579a-357f-11eb-8fad-001a7dda7111.jpg,train
C:\Users\TAbde\PycharmProjects\Glioma-SPARSE\data\included\high_grade\a1982c25-357f-11eb-85c9-001a7dda7111.jpg,train
C:\Users\TAbde\PycharmProjects\Glioma-SPARSE\data\included\high_grade\a195bae9-357f-11eb-b01c-001a7dda7111.jpg,train
C:\Users\TAbde\PycharmProjects\Glioma-SPARSE\data\included\high_grade\a1956cb8-357f-11eb-932d-001a7dda7111.jpg,train
C:\Users\TAbde\PycharmProjects\Glioma-SPARSE\data\included\high_grade\a195bacc-357f-11eb-803c-001a7dda7111.jpg,train
C:\Users\TAbde\PycharmProjects\Glioma-SPARSE\data\included\high_grade\a1962fef-357f-11eb-8a18-001a7dda7111.jpg,train
C:\Users\TAbde\PycharmProjects\Glioma-SPARSE\data\included\high_grade\a1959414-357f-11eb-a366-001a7dda7111.jpg,train
C:\Users\TAbde\PycharmProjects\Glioma-SPARSE\data\included\high_grade\a195e209-357f-11eb-a95d-001a7dda7111.jpg,train
C:\Users\TAbde\PycharmProjects\Glioma-SPARSE\data\included\high_grade\a195e20d-357f-11eb-89f6-001a7dda7111.jpg,train
C:\Users\TAbde\PycharmProjects\Glioma-SPARSE\data\included\high_grade\a1959440-357f-11eb-99c0-001a7dda7111.jpg,train
C:\Users\TAbde\PycharmProjects\Glioma-SPARSE\data\included\high_grade\a195e263-357f-11eb-aa84-001a7dda7111.jpg,train
C:\Users\TAbde\PycharmProjects\Glioma-SPARSE\data\included\high_grade\a196cc81-357f-11eb-878a-001a7dda7111.jpg,train
C:\Users\TAbde\PycharmProjects\Glioma-SPARSE\data\included\high_grade\a1965743-357f-11eb-be52-001a7dda7111.jpg,train
C:\Users\TAbde\PycharmProjects\Glioma-SPARSE\data\included\high_grade\a19609b4-357f-11eb-b94f-001a7dda7111.jpg,train
C:\Users\TAbde\PycharmProjects\Glioma-SPARSE\data\included\high_grade\a1956ce4-357f-11eb-9ca6-001a7dda7111.jpg,train
C:\Users\TAbde\PycharmProjects\Glioma-SPARSE\data\included\high_grade\a1967e52-357f-11eb-bca8-001a7dda7111.jpg,train
C:\Users\TAbde\PycharmProjects\Glioma-SPARSE\data\included\high_grade\a1967e6a-357f-11eb-94da-001a7dda7111.jpg,train
C:\Users\TAbde\PycharmProjects\Glioma-SPARSE\data\included\high_grade\a196574a-357f-11eb-a0d8-001a7dda7111.jpg,train
C:\Users\TAbde\PycharmProjects\Glioma-SPARSE\data\included\high_grade\a1956d06-357f-11eb-856b-001a7dda7111.jpg,train
C:\Users\TAbde\PycharmProjects\Glioma-SPARSE\data\included\high_grade\a19545c3-357f-11eb-add5-001a7dda7111.jpg,train
C:\Users\TAbde\PycharmProjects\Glioma-SPARSE\data\included\high_grade\a19593c1-357f-11eb-bb24-001a7dda7111.jpg,train
C:\Users\TAbde\PycharmProjects\Glioma-SPARSE\data\included\high_grade\a1951ea4-357f-11eb-a591-001a7dda7111.jpg,train
C:\Users\TAbde\PycharmProjects\Glioma-SPARSE\data\included\high_grade\a1967e57-357f-11eb-b087-001a7dda7111.jpg,train
C:\Users\TAbde\PycharmProjects\Glioma-SPARSE\data\included\high_grade\a195bad6-357f-11eb-8742-001a7dda7111.jpg,train
C:\Users\TAbde\PycharmProjects\Glioma-SPARSE\data\included\high_grade\a196302b-357f-11eb-9166-001a7dda7111.jpg,train
C:\Users\TAbde\PycharmProjects\Glioma-SPARSE\data\included\high_grade\a196306c-357f-11eb-9ccf-001a7dda7111.jpg,train
C:\Users\TAbde\PycharmProjects\Glioma-SPARSE\data\included\high_grade\a197ddfd-357f-11eb-836d-001a7dda7111.jpg,train
C:\Users\TAbde\PycharmProjects\Glioma-SPARSE\data\included\high_grade\a1962ff2-357f-11eb-8dff-001a7dda7111.jpg,train
C:\Users\TAbde\PycharmProjects\Glioma-SPARSE\data\included\high_grade\a1960981-357f-11eb-a860-001a7dda7111.jpg,train
C:\Users\TAbde\PycharmProjects\Glioma-SPARSE\data\included\high_grade\a195bb27-357f-11eb-93cc-001a7dda7111.jpg,train
C:\Users\TAbde\PycharmProjects\Glioma-SPARSE\data\included\high_grade\a1982bde-357f-11eb-bc62-001a7dda7111.jpg,train
C:\Users\TAbde\PycharmProjects\Glioma-SPARSE\data\included\high_grade\a19768c6-357f-11eb-b584-001a7dda7111.jpg,train
C:\Users\TAbde\PycharmProjects\Glioma-SPARSE\data\included\high_grade\a1963026-357f-11eb-8f23-001a7dda7111.jpg,train
C:\Users\TAbde\PycharmProjects\Glioma-SPARSE\data\included\high_grade\a1965704-357f-11eb-a679-001a7dda7111.jpg,train
C:\Users\TAbde\PycharmProjects\Glioma-SPARSE\data\included\high_grade\a1956cc4-357f-11eb-ac83-001a7dda7111.jpg,train
C:\Users\TAbde\PycharmProjects\Glioma-SPARSE\data\included\high_grade\a197ddd3-357f-11eb-a02c-001a7dda7111.jpg,train
C:\Users\TAbde\PycharmProjects\Glioma-SPARSE\data\included\high_grade\a198054a-357f-11eb-bac3-001a7dda7111.jpg,train
C:\Users\TAbde\PycharmProjects\Glioma-SPARSE\data\included\high_grade\a19545ea-357f-11eb-9dc0-001a7dda7111.jpg,train
C:\Users\TAbde\PycharmProjects\Glioma-SPARSE\data\included\high_grade\a19768bd-357f-11eb-b613-001a7dda7111.jpg,train
C:\Users\TAbde\PycharmProjects\Glioma-SPARSE\data\included\high_grade\a195bb02-357f-11eb-baf6-001a7dda7111.jpg,train
C:\Users\TAbde\PycharmProjects\Glioma-SPARSE\data\included\high_grade\a196305e-357f-11eb-9b1d-001a7dda7111.jpg,train
C:\Users\TAbde\PycharmProjects\Glioma-SPARSE\data\included\high_grade\a1951eba-357f-11eb-9519-001a7dda7111.jpg,train
C:\Users\TAbde\PycharmProjects\Glioma-SPARSE\data\included\high_grade\a1980570-357f-11eb-b945-001a7dda7111.jpg,train
C:\Users\TAbde\PycharmProjects\Glioma-SPARSE\data\included\high_grade\a1960973-357f-11eb-ab24-001a7dda7111.jpg,train
C:\Users\TAbde\PycharmProjects\Glioma-SPARSE\data\included\high_grade\a195e21c-357f-11eb-b93b-001a7dda7111.jpg,train
C:\Users\TAbde\PycharmProjects\Glioma-SPARSE\data\included\high_grade\a19545a0-357f-11eb-840d-001a7dda7111.jpg,train
C:\Users\TAbde\PycharmProjects\Glioma-SPARSE\data\included\high_grade\a19545c5-357f-11eb-9865-001a7dda7111.jpg,train
C:\Users\TAbde\PycharmProjects\Glioma-SPARSE\data\included\high_grade\a1951f12-357f-11eb-86fa-001a7dda7111.jpg,train
C:\Users\TAbde\PycharmProjects\Glioma-SPARSE\data\included\high_grade\a1951e94-357f-11eb-ba5a-001a7dda7111.jpg,train
C:\Users\TAbde\PycharmProjects\Glioma-SPARSE\data\included\high_grade\a1980559-357f-11eb-befd-001a7dda7111.jpg,train
C:\Users\TAbde\PycharmProjects\Glioma-SPARSE\data\included\high_grade\a1956cfa-357f-11eb-9673-001a7dda7111.jpg,train
C:\Users\TAbde\PycharmProjects\Glioma-SPARSE\data\included\high_grade\a1956cda-357f-11eb-ba62-001a7dda7111.jpg,train
C:\Users\TAbde\PycharmProjects\Glioma-SPARSE\data\included\high_grade\a19545ec-357f-11eb-8af8-001a7dda7111.jpg,train
C:\Users\TAbde\PycharmProjects\Glioma-SPARSE\data\included\high_grade\a1963015-357f-11eb-a1d3-001a7dda7111.jpg,train
C:\Users\TAbde\PycharmProjects\Glioma-SPARSE\data\included\high_grade\a19593c6-357f-11eb-b657-001a7dda7111.jpg,train
C:\Users\TAbde\PycharmProjects\Glioma-SPARSE\data\included\high_grade\a196573d-357f-11eb-8282-001a7dda7111.jpg,train
C:\Users\TAbde\PycharmProjects\Glioma-SPARSE\data\included\high_grade\a196097a-357f-11eb-b2ed-001a7dda7111.jpg,train
C:\Users\TAbde\PycharmProjects\Glioma-SPARSE\data\included\high_grade\a1951e91-357f-11eb-b9dd-001a7dda7111.jpg,train
C:\Users\TAbde\PycharmProjects\Glioma-SPARSE\data\included\high_grade\a195bb05-357f-11eb-ab71-001a7dda7111.jpg,train
C:\Users\TAbde\PycharmProjects\Glioma-SPARSE\data\included\control\86242963-7775-11eb-bab5-001a7dda7111.jpg,val
C:\Users\TAbde\PycharmProjects\Glioma-SPARSE\data\included\control\8624293c-7775-11eb-85d8-001a7dda7111.jpg,val
C:\Users\TAbde\PycharmProjects\Glioma-SPARSE\data\included\control\8624294d-7775-11eb-9136-001a7dda7111.jpg,val
C:\Users\TAbde\PycharmProjects\Glioma-SPARSE\data\included\control\86242949-7775-11eb-9c4b-001a7dda7111.jpg,val
C:\Users\TAbde\PycharmProjects\Glioma-SPARSE\data\included\control\86242953-7775-11eb-8e9f-001a7dda7111.jpg,val
C:\Users\TAbde\PycharmProjects\Glioma-SPARSE\data\included\low_grade\a1978fde-357f-11eb-960c-001a7dda7111.jpg,val
C:\Users\TAbde\PycharmProjects\Glioma-SPARSE\data\included\low_grade\a196f36b-357f-11eb-818a-001a7dda7111.jpg,val
C:\Users\TAbde\PycharmProjects\Glioma-SPARSE\data\included\low_grade\a197b6d6-357f-11eb-96e4-001a7dda7111.jpg,val
C:\Users\TAbde\PycharmProjects\Glioma-SPARSE\data\included\low_grade\a196f3d6-357f-11eb-93f6-001a7dda7111.jpg,val
C:\Users\TAbde\PycharmProjects\Glioma-SPARSE\data\included\low_grade\a1967e6e-357f-11eb-bf4e-001a7dda7111.jpg,val
C:\Users\TAbde\PycharmProjects\Glioma-SPARSE\data\included\low_grade\a1965759-357f-11eb-9c4f-001a7dda7111.jpg,val
C:\Users\TAbde\PycharmProjects\Glioma-SPARSE\data\included\low_grade\a197ddac-357f-11eb-9237-001a7dda7111.jpg,val
C:\Users\TAbde\PycharmProjects\Glioma-SPARSE\data\included\low_grade\a197ddd9-357f-11eb-8555-001a7dda7111.jpg,val
C:\Users\TAbde\PycharmProjects\Glioma-SPARSE\data\included\low_grade\a1980515-357f-11eb-937d-001a7dda7111.jpg,val
C:\Users\TAbde\PycharmProjects\Glioma-SPARSE\data\included\low_grade\a198059d-357f-11eb-9f22-001a7dda7111.jpg,val
C:\Users\TAbde\PycharmProjects\Glioma-SPARSE\data\included\low_grade\a1951efd-357f-11eb-ac28-001a7dda7111.jpg,val
C:\Users\TAbde\PycharmProjects\Glioma-SPARSE\data\included\high_grade\a195bb4c-357f-11eb-8ade-001a7dda7111.jpg,val
C:\Users\TAbde\PycharmProjects\Glioma-SPARSE\data\included\high_grade\a197ddb9-357f-11eb-a415-001a7dda7111.jpg,val
C:\Users\TAbde\PycharmProjects\Glioma-SPARSE\data\included\high_grade\a1965766-357f-11eb-92da-001a7dda7111.jpg,val
C:\Users\TAbde\PycharmProjects\Glioma-SPARSE\data\included\high_grade\a197ddfb-357f-11eb-aeeb-001a7dda7111.jpg,val
C:\Users\TAbde\PycharmProjects\Glioma-SPARSE\data\included\high_grade\a1965733-357f-11eb-8d99-001a7dda7111.jpg,val
C:\Users\TAbde\PycharmProjects\Glioma-SPARSE\data\included\high_grade\a1956cbc-357f-11eb-bfe1-001a7dda7111.jpg,val
C:\Users\TAbde\PycharmProjects\Glioma-SPARSE\data\included\high_grade\a1982cc8-357f-11eb-b4ef-001a7dda7111.jpg,val
C:\Users\TAbde\PycharmProjects\Glioma-SPARSE\data\included\high_grade\a19593d8-357f-11eb-b8b7-001a7dda7111.jpg,val
C:\Users\TAbde\PycharmProjects\Glioma-SPARSE\data\included\high_grade\a195e275-357f-11eb-906a-001a7dda7111.jpg,val
C:\Users\TAbde\PycharmProjects\Glioma-SPARSE\data\included\high_grade\a1960949-357f-11eb-8e9f-001a7dda7111.jpg,val
C:\Users\TAbde\PycharmProjects\Glioma-SPARSE\data\included\high_grade\a1965720-357f-11eb-ab88-001a7dda7111.jpg,val
C:\Users\TAbde\PycharmProjects\Glioma-SPARSE\data\included\high_grade\a1965769-357f-11eb-979d-001a7dda7111.jpg,val
C:\Users\TAbde\PycharmProjects\Glioma-SPARSE\data\included\high_grade\a1963030-357f-11eb-ad27-001a7dda7111.jpg,val
C:\Users\TAbde\PycharmProjects\Glioma-SPARSE\data\included\high_grade\a19609bf-357f-11eb-a7de-001a7dda7111.jpg,val
C:\Users\TAbde\PycharmProjects\Glioma-SPARSE\data\included\high_grade\a195e210-357f-11eb-92a3-001a7dda7111.jpg,val
C:\Users\TAbde\PycharmProjects\Glioma-SPARSE\data\included\high_grade\a1978fb3-357f-11eb-928a-001a7dda7111.jpg,val
C:\Users\TAbde\PycharmProjects\Glioma-SPARSE\data\included\high_grade\a1967e47-357f-11eb-9153-001a7dda7111.jpg,val
C:\Users\TAbde\PycharmProjects\Glioma-SPARSE\data\included\high_grade\a196572b-357f-11eb-a30c-001a7dda7111.jpg,val
C:\Users\TAbde\PycharmProjects\Glioma-SPARSE\data\included\high_grade\a1965716-357f-11eb-be58-001a7dda7111.jpg,val
C:\Users\TAbde\PycharmProjects\Glioma-SPARSE\data\included\high_grade\a196303d-357f-11eb-b8ae-001a7dda7111.jpg,val
C:\Users\TAbde\PycharmProjects\Glioma-SPARSE\data\included\high_grade\a1978f92-357f-11eb-b6e9-001a7dda7111.jpg,val
C:\Users\TAbde\PycharmProjects\Glioma-SPARSE\data\included\high_grade\a195e233-357f-11eb-9083-001a7dda7111.jpg,val
C:\Users\TAbde\PycharmProjects\Glioma-SPARSE\data\included\high_grade\a19805a8-357f-11eb-a95f-001a7dda7111.jpg,val
C:\Users\TAbde\PycharmProjects\Glioma-SPARSE\data\included\high_grade\a197689a-357f-11eb-a0a6-001a7dda7111.jpg,val
C:\Users\TAbde\PycharmProjects\Glioma-SPARSE\data\included\high_grade\a1951f23-357f-11eb-bcf1-001a7dda7111.jpg,val
C:\Users\TAbde\PycharmProjects\Glioma-SPARSE\data\included\high_grade\a194f784-357f-11eb-9bda-001a7dda7111.jpg,val
C:\Users\TAbde\PycharmProjects\Glioma-SPARSE\data\included\high_grade\a1971acf-357f-11eb-9081-001a7dda7111.jpg,val
C:\Users\TAbde\PycharmProjects\Glioma-SPARSE\data\included\high_grade\a198057e-357f-11eb-9864-001a7dda7111.jpg,val
C:\Users\TAbde\PycharmProjects\Glioma-SPARSE\data\included\control\86242946-7775-11eb-ab07-001a7dda7111.jpg,test
C:\Users\TAbde\PycharmProjects\Glioma-SPARSE\data\included\control\86242942-7775-11eb-bbe5-001a7dda7111.jpg,test
C:\Users\TAbde\PycharmProjects\Glioma-SPARSE\data\included\control\8624295d-7775-11eb-abda-001a7dda7111.jpg,test
C:\Users\TAbde\PycharmProjects\Glioma-SPARSE\data\included\control\8624295c-7775-11eb-abec-001a7dda7111.jpg,test
C:\Users\TAbde\PycharmProjects\Glioma-SPARSE\data\included\control\86242955-7775-11eb-906a-001a7dda7111.jpg,test
C:\Users\TAbde\PycharmProjects\Glioma-SPARSE\data\included\low_grade\a19804d9-357f-11eb-a0a1-001a7dda7111.jpg,test
C:\Users\TAbde\PycharmProjects\Glioma-SPARSE\data\included\low_grade\a196cc7d-357f-11eb-8a60-001a7dda7111.jpg,test
C:\Users\TAbde\PycharmProjects\Glioma-SPARSE\data\included\low_grade\a197ddd7-357f-11eb-8614-001a7dda7111.jpg,test
C:\Users\TAbde\PycharmProjects\Glioma-SPARSE\data\included\low_grade\a197ddc4-357f-11eb-a882-001a7dda7111.jpg,test
C:\Users\TAbde\PycharmProjects\Glioma-SPARSE\data\included\low_grade\a1951f22-357f-11eb-a9d7-001a7dda7111.jpg,test
C:\Users\TAbde\PycharmProjects\Glioma-SPARSE\data\included\low_grade\a19545c7-357f-11eb-b08b-001a7dda7111.jpg,test
C:\Users\TAbde\PycharmProjects\Glioma-SPARSE\data\included\low_grade\a1982bf7-357f-11eb-ad6c-001a7dda7111.jpg,test
C:\Users\TAbde\PycharmProjects\Glioma-SPARSE\data\included\low_grade\a1963032-357f-11eb-bfeb-001a7dda7111.jpg,test
C:\Users\TAbde\PycharmProjects\Glioma-SPARSE\data\included\low_grade\a19805a5-357f-11eb-96b2-001a7dda7111.jpg,test
C:\Users\TAbde\PycharmProjects\Glioma-SPARSE\data\included\low_grade\a1963044-357f-11eb-b15e-001a7dda7111.jpg,test
C:\Users\TAbde\PycharmProjects\Glioma-SPARSE\data\included\low_grade\a195bb2b-357f-11eb-9fcc-001a7dda7111.jpg,test
C:\Users\TAbde\PycharmProjects\Glioma-SPARSE\data\included\high_grade\a1960947-357f-11eb-8838-001a7dda7111.jpg,test
C:\Users\TAbde\PycharmProjects\Glioma-SPARSE\data\included\high_grade\a19741c8-357f-11eb-9ba8-001a7dda7111.jpg,test
C:\Users\TAbde\PycharmProjects\Glioma-SPARSE\data\included\high_grade\a195bb32-357f-11eb-b275-001a7dda7111.jpg,test
C:\Users\TAbde\PycharmProjects\Glioma-SPARSE\data\included\high_grade\a197ddd5-357f-11eb-afb0-001a7dda7111.jpg,test
C:\Users\TAbde\PycharmProjects\Glioma-SPARSE\data\included\high_grade\a195bb18-357f-11eb-8a27-001a7dda7111.jpg,test
C:\Users\TAbde\PycharmProjects\Glioma-SPARSE\data\included\high_grade\a19545bf-357f-11eb-afb1-001a7dda7111.jpg,test
C:\Users\TAbde\PycharmProjects\Glioma-SPARSE\data\included\high_grade\a196096a-357f-11eb-b997-001a7dda7111.jpg,test
C:\Users\TAbde\PycharmProjects\Glioma-SPARSE\data\included\high_grade\a1965763-357f-11eb-8703-001a7dda7111.jpg,test
C:\Users\TAbde\PycharmProjects\Glioma-SPARSE\data\included\high_grade\a1960904-357f-11eb-a35d-001a7dda7111.jpg,test
C:\Users\TAbde\PycharmProjects\Glioma-SPARSE\data\included\high_grade\a1959438-357f-11eb-af8c-001a7dda7111.jpg,test
C:\Users\TAbde\PycharmProjects\Glioma-SPARSE\data\included\high_grade\a1960948-357f-11eb-bf70-001a7dda7111.jpg,test
C:\Users\TAbde\PycharmProjects\Glioma-SPARSE\data\included\high_grade\a1971a82-357f-11eb-90bd-001a7dda7111.jpg,test
C:\Users\TAbde\PycharmProjects\Glioma-SPARSE\data\included\high_grade\a195bad0-357f-11eb-ae3c-001a7dda7111.jpg,test
C:\Users\TAbde\PycharmProjects\Glioma-SPARSE\data\included\high_grade\a1967e68-357f-11eb-96dc-001a7dda7111.jpg,test
C:\Users\TAbde\PycharmProjects\Glioma-SPARSE\data\included\high_grade\a196098d-357f-11eb-bfb7-001a7dda7111.jpg,test
C:\Users\TAbde\PycharmProjects\Glioma-SPARSE\data\included\high_grade\a19804f3-357f-11eb-a639-001a7dda7111.jpg,test
C:\Users\TAbde\PycharmProjects\Glioma-SPARSE\data\included\high_grade\a1956cad-357f-11eb-b824-001a7dda7111.jpg,test
C:\Users\TAbde\PycharmProjects\Glioma-SPARSE\data\included\high_grade\a197ddda-357f-11eb-be61-001a7dda7111.jpg,test
C:\Users\TAbde\PycharmProjects\Glioma-SPARSE\data\included\high_grade\a196090c-357f-11eb-8d54-001a7dda7111.jpg,test
C:\Users\TAbde\PycharmProjects\Glioma-SPARSE\data\included\high_grade\a1951f01-357f-11eb-a6d9-001a7dda7111.jpg,test
C:\Users\TAbde\PycharmProjects\Glioma-SPARSE\data\included\high_grade\a196092d-357f-11eb-974f-001a7dda7111.jpg,test
C:\Users\TAbde\PycharmProjects\Glioma-SPARSE\data\included\high_grade\a1965756-357f-11eb-b1e0-001a7dda7111.jpg,test
C:\Users\TAbde\PycharmProjects\Glioma-SPARSE\data\included\high_grade\a19804ee-357f-11eb-8016-001a7dda7111.jpg,test
C:\Users\TAbde\PycharmProjects\Glioma-SPARSE\data\included\high_grade\a196099f-357f-11eb-b66d-001a7dda7111.jpg,test
C:\Users\TAbde\PycharmProjects\Glioma-SPARSE\data\included\high_grade\a195943f-357f-11eb-bfb8-001a7dda7111.jpg,test
C:\Users\TAbde\PycharmProjects\Glioma-SPARSE\data\included\high_grade\a196098f-357f-11eb-b049-001a7dda7111.jpg,test
C:\Users\TAbde\PycharmProjects\Glioma-SPARSE\data\included\high_grade\a1956cdb-357f-11eb-a2b4-001a7dda7111.jpg,test
C:\Users\TAbde\PycharmProjects\Glioma-SPARSE\data\included\high_grade\a196f391-357f-11eb-b7f0-001a7dda7111.jpg,test
